Country,Year,Rank,FSI,C1,C2,C3,E1,E2,E3,P1,P2,P3,S1,S2,X1,GDP_per_Capita,Life_Expectancy,Internet_Access,Infant_Mortality,FSI_Category,FSI_Label
"Yemen, Rep.",2019,1st,113.5,10.0,10.0,9.6,9.7,8.1,7.3,9.8,9.8,9.9,9.7,9.6,10.0,5561.19166950397,66.567,17.49099922,39.0,1_VeryHighAlert,0
Somalia,2019,2nd,112.3,9.6,10.0,8.9,8.8,9.4,9.2,9.0,9.4,9.3,10.0,9.4,9.2,5561.19166950397,72.403,70.67685089,13.6,1_VeryHighAlert,0
South Sudan,2019,3rd,112.2,9.7,9.7,9.4,9.8,8.9,6.5,10.0,9.8,9.3,9.7,10.0,9.4,5561.19166950397,58.129,6.671000004,71.9,1_VeryHighAlert,0
Syrian Arab Republic,2019,4th,111.5,9.8,9.9,10.0,8.8,7.5,8.4,9.9,9.4,10.0,7.9,10.0,10.0,1109.53926036049,70.97,70.67685089,21.1,1_VeryHighAlert,0
"Congo, Dem. Rep.",2019,5th,110.2,8.8,9.8,10.0,8.3,8.6,7.0,9.4,9.2,9.6,9.8,10.0,9.7,504.00419142286,60.242,13.02970028,56.5,1_VeryHighAlert,0
Central African Republic,2019,6th,108.9,8.6,9.4,8.3,8.7,9.9,7.1,9.1,10.0,9.5,9.1,10.0,9.2,449.228467602439,31.53,7.509200096,128.9,1_VeryHighAlert,0
Chad,2019,7th,108.5,9.5,9.8,8.2,9.0,9.0,8.5,9.6,9.1,8.8,9.5,9.5,8.0,893.336441643325,52.993,7.618199825,64.6,1_VeryHighAlert,0
Sudan,2019,8th,108.0,8.4,9.7,10.0,8.1,7.7,8.3,9.8,8.6,9.4,9.4,9.6,8.9,709.975280761719,65.803,70.67685089,43.4,1_VeryHighAlert,0
Afghanistan,2019,9th,105.0,10.0,8.6,7.8,8.6,7.5,7.8,9.0,9.8,7.9,9.3,9.6,9.1,496.6025042585,62.941,17.60000038,56.6,1_VeryHighAlert,0
Zimbabwe,2019,10th,99.5,8.8,10.0,6.7,8.1,7.9,7.3,9.4,8.6,8.2,9.0,8.2,7.3,2184.32923855469,61.06,26.5883007,55.8,1_VeryHighAlert,0
Guinea,2019,11th,99.4,8.6,9.6,9.1,8.6,7.3,7.1,9.8,9.2,7.1,8.6,7.6,6.8,1031.34146480732,59.379,23.89049911,67.0,1_VeryHighAlert,0
Haiti,2019,12th,99.3,7.2,9.3,5.9,8.4,9.2,8.4,8.8,9.2,7.2,8.7,7.4,9.6,1352.17204191532,64.328,35.76409912,44.7,1_VeryHighAlert,0
Iraq,2019,13th,99.1,8.7,9.6,8.8,5.9,6.7,7.1,8.9,8.7,8.1,8.4,9.1,9.1,5671.8568632942,71.245,44.3263465511579,23.5,1_VeryHighAlert,0
Nigeria,2019,14th,98.5,9.0,9.9,9.4,7.8,8.1,6.9,8.0,8.9,8.3,9.2,7.2,5.9,3189.81286498516,53.009,29.74410057,69.1,1_VeryHighAlert,0
Burundi,2019,15th,98.2,8.6,7.9,7.9,8.4,7.2,6.0,9.0,8.2,9.0,9.1,8.4,8.4,234.31061590725,62.18,6.072199821,35.7,1_VeryHighAlert,0
Cameroon,2019,16th,97.0,8.5,9.6,8.5,6.5,7.5,7.5,9.2,8.2,7.7,8.3,8.3,7.2,1555.22660476477,61.695,36.53919983,46.9,1_VeryHighAlert,0
Eritrea,2019,17th,96.4,6.6,8.1,7.7,7.7,8.4,8.9,9.4,7.8,8.7,8.4,7.7,7.0,5561.19166950397,67.306,11.22379971,28.7,1_VeryHighAlert,0
Niger,2019,18th,96.2,8.7,8.9,7.7,7.1,8.0,7.6,7.3,9.3,6.8,8.8,8.3,7.8,561.691304349698,60.031,11.28549957,69.3,1_VeryHighAlert,0
Guinea-Bissau,2019,19th,95.5,8.3,9.6,4.9,7.7,9.2,7.5,8.9,8.9,7.2,8.5,6.7,8.0,811.216425885129,62.161,17.92149925,48.6,1_VeryHighAlert,0
Uganda,2019,20th,95.3,7.5,8.9,8.3,6.3,7.0,7.3,8.6,7.8,8.0,9.0,9.1,7.5,822.171150036357,66.354,11.72579956,36.9,1_VeryHighAlert,0
Mali,2019,21st,94.5,9.5,5.4,8.1,7.4,7.0,8.3,6.5,8.5,7.6,8.3,8.4,9.6,971.949318638092,59.217,24.96030045,57.6,1_VeryHighAlert,0
Myanmar,2019,22nd,94.3,8.7,8.0,9.8,5.3,7.1,6.9,8.3,8.3,9.3,5.8,9.1,7.7,1425.98954241668,66.457,36.54050064,38.4,1_VeryHighAlert,0
Pakistan,2019,23rd,94.2,8.5,9.3,9.4,6.3,5.9,6.8,7.9,8.0,7.4,7.8,8.1,8.8,1390.41690981745,66.729,17.070901719916,56.3,1_VeryHighAlert,0
Ethiopia,2019,23rd,94.2,8.2,7.9,8.5,6.4,6.5,6.6,8.0,8.3,8.2,9.0,8.7,7.9,793.473247210264,65.741,15.98460007,40.8,1_VeryHighAlert,0
Kenya,2019,25th,93.5,7.9,9.1,8.6,6.6,7.4,7.2,8.2,8.0,6.8,8.6,7.7,7.5,1960.40808854893,62.939,22.6687733618171,37.0,1_VeryHighAlert,0
"Korea, Dem. People's Rep.",2019,26th,92.7,8.3,8.5,5.8,8.9,7.5,4.4,10.0,8.6,9.4,7.1,4.4,9.8,5561.19166950397,72.928,70.67685089,14.3,1_VeryHighAlert,0
"Congo, Rep.",2019,27th,92.5,7.0,6.7,7.8,7.6,8.1,7.4,9.0,8.9,8.4,8.1,7.0,6.5,2488.42466724916,63.152,16.11639977,33.2,1_VeryHighAlert,0
Libya,2019,28th,92.2,9.0,9.7,7.5,7.7,5.3,6.0,9.7,6.4,9.1,4.3,7.7,9.7,9963.19489084483,72.941,71.40409851,9.2,1_VeryHighAlert,0
Cote d'Ivoire,2019,29th,92.1,7.4,9.1,7.5,6.7,7.6,7.0,7.3,8.2,7.3,8.3,7.2,8.4,2141.76836170115,60.274,36.2889545655205,51.8,1_VeryHighAlert,0
Liberia,2019,30th,90.2,6.7,8.3,5.2,7.9,7.8,7.5,6.6,8.7,6.5,8.2,8.1,8.7,658.164180770507,61.232,19.89579964,63.3,1_VeryHighAlert,0
Mauritania,2019,31st,90.1,6.3,8.8,7.0,7.1,6.2,6.9,8.3,8.6,7.5,8.5,7.4,7.4,1767.072710621,67.64,25.0977993,34.9,1_VeryHighAlert,0
"Venezuela, RB",2019,32nd,89.3,7.4,8.8,7.6,8.6,6.9,6.1,9.3,8.3,9.0,6.2,5.6,5.5,2523.11275230667,72.766,49.05009842,21.2,2_HighAlert,1
Mozambique,2019,33rd,88.7,6.7,6.6,5.6,8.6,9.3,7.7,6.8,9.1,5.6,9.3,5.9,7.4,519.09255091362,61.306,12.47929955,49.2,2_HighAlert,1
"Egypt, Arab Rep.",2019,34th,88.4,8.2,9.1,8.9,7.9,5.7,5.3,8.6,4.3,10.0,6.3,6.7,7.3,2962.98892023003,71.213,57.2828663990195,22.9,2_HighAlert,1
Angola,2019,35th,87.8,6.9,7.2,7.5,6.6,9.3,6.6,8.0,8.7,6.7,8.9,6.5,4.9,2493.67884440177,63.051,32.12939835,35.5,2_HighAlert,1
Bangladesh,2019,36th,87.7,7.6,9.6,8.0,6.1,6.1,7.6,7.6,7.5,7.3,7.0,7.5,5.8,2129.79896954606,72.625,30.38310051,25.4,2_HighAlert,1
Rwanda,2019,37th,87.5,6.0,8.0,9.8,6.2,7.8,7.1,6.8,6.8,6.6,7.4,8.1,6.9,810.051412137354,66.691,21.3579998,31.7,2_HighAlert,1
Togo,2019,38th,87.4,7.0,7.6,5.4,7.0,8.3,7.5,8.5,8.5,7.2,7.5,6.9,6.0,826.255209019798,61.061,20.72730064,40.2,2_HighAlert,1
Sierra Leone,2019,39th,86.8,4.4,7.8,6.2,8.6,8.3,8.0,6.3,8.8,5.2,8.5,7.4,7.3,843.712517809977,59.593,15.71370029,64.0,2_HighAlert,1
Zambia,2019,40th,85.7,5.1,5.9,5.3,7.5,9.4,7.3,8.1,7.3,7.4,9.2,6.1,7.0,1258.98619844462,62.914,14.47189999,36.1,2_HighAlert,1
Timor-Leste,2019,41st,85.5,6.6,8.3,5.9,7.5,6.8,7.6,6.1,7.9,4.7,9.2,5.7,9.2,1562.36458068032,66.496,28.00460052,39.6,2_HighAlert,1
Eswatini,2019,42nd,85.3,5.7,6.8,2.8,9.8,8.2,7.0,8.5,7.5,8.8,8.6,4.3,7.3,3913.14577547336,59.85,43.93389893,47.6,2_HighAlert,1
Djibouti,2019,43rd,85.1,5.9,7.3,5.9,7.0,7.7,5.2,8.1,7.6,7.7,7.8,6.7,8.2,2837.16902340932,64.381,58.4762001,50.2,2_HighAlert,1
Lebanon,2019,44th,85.0,8.1,9.6,8.2,6.0,5.2,5.6,7.1,5.1,7.2,5.0,8.7,9.1,8905.88005497437,78.208,81.48120117,12.6,2_HighAlert,1
Nepal,2019,45th,84.7,5.9,8.8,9.7,5.6,6.1,6.2,6.6,6.6,7.1,8.4,7.2,6.5,1203.14294706401,69.299,33.33660126,27.1,2_HighAlert,1
Sri Lanka,2019,46th,84.0,6.8,9.1,9.0,5.5,6.5,7.1,6.9,4.5,8.4,6.0,7.8,6.3,4081.94772722003,76.698,32.02090073,6.2,2_HighAlert,1
Burkina Faso,2019,47th,83.9,8.2,7.8,3.9,6.9,7.6,7.2,6.5,8.1,5.6,8.5,6.0,7.5,764.853077774946,60.184,9.27180600953186,50.2,2_HighAlert,1
"Gambia, The",2019,47th,83.9,6.3,7.7,3.2,8.4,6.3,7.9,7.8,7.3,8.4,8.2,6.0,6.4,738.186751987483,64.427,31.11829948,38.2,2_HighAlert,1
Malawi,2019,49th,83.3,4.8,8.1,5.3,8.0,8.1,7.4,6.1,8.0,5.9,9.1,5.2,7.4,580.889139762475,64.995,11.05860043,38.3,2_HighAlert,1
Papua New Guinea,2019,50th,83.1,6.7,7.1,5.7,6.4,8.8,7.1,6.2,9.1,7.0,8.1,4.6,6.2,2575.77274140393,65.331,13.62419987,36.2,2_HighAlert,1
Philippines,2019,50th,83.1,9.5,8.0,7.9,4.9,5.1,6.0,7.2,6.1,7.4,7.5,6.9,6.6,3400.78949767074,69.68,43.0266118680279,22.6,2_HighAlert,1
"Iran, Islamic Rep.",2019,52nd,83.0,6.9,9.6,9.5,6.9,5.3,5.9,9.0,3.9,8.9,4.5,5.9,6.7,3997.4935449585,76.855,72.4509047672065,12.1,2_HighAlert,1
Equatorial Guinea,2019,53rd,82.6,5.9,8.2,6.3,5.9,8.1,4.9,9.8,8.1,8.6,7.9,4.5,4.4,6804.14923073888,62.297,49.13370132,55.7,2_HighAlert,1
Cambodia,2019,54th,82.5,6.4,8.6,6.3,5.3,6.2,7.2,8.7,7.6,7.6,6.2,5.1,7.4,2225.87705485686,70.127,52.305878224498,20.1,2_HighAlert,1
Solomon Islands,2019,55th,81.9,5.9,8.2,5.9,7.1,8.4,6.9,6.2,7.8,4.6,7.7,4.4,8.8,2223.65890942466,69.981,22.48880005,18.7,2_HighAlert,1
Comoros,2019,56th,81.7,6.5,8.0,4.8,7.6,7.0,6.8,7.1,7.6,5.9,7.6,5.3,7.4,1510.23218151592,65.662,16.38380051,39.8,2_HighAlert,1
Guatemala,2019,57th,81.4,7.1,7.1,9.1,5.1,7.5,7.3,6.7,6.9,7.3,7.2,5.4,4.6,4511.99839552697,71.639,44.401049838502,20.2,2_HighAlert,1
Madagascar,2019,58th,80.9,6.9,7.8,3.5,7.3,9.0,6.7,6.5,8.6,5.6,9.0,3.9,6.2,499.818837622534,63.504,9.379400253,44.1,2_HighAlert,1
Turkiye,2019,59th,80.3,7.7,8.8,10.0,4.6,5.3,4.7,7.5,4.6,8.1,4.9,9.0,5.1,9395.23378001368,77.737,73.9767022871511,9.4,2_HighAlert,1
Tanzania,2019,60th,80.1,5.4,5.7,5.0,6.2,7.1,7.6,6.3,8.8,6.4,8.3,6.1,7.2,1063.32250976563,66.007,16.59090042,34.5,2_HighAlert,1
Lesotho,2019,61st,79.7,6.5,7.3,3.3,8.5,8.1,8.0,5.3,7.5,5.2,8.3,4.4,7.2,1082.05706777516,55.249,42.301733569273,63.5,3_Alert,2
Lao PDR,2019,62nd,78.7,5.0,8.3,6.7,5.4,5.9,7.4,9.0,6.4,7.3,6.7,5.1,5.5,2589.32081035237,67.911,47.03229904,33.3,3_Alert,2
Nicaragua,2019,63rd,78.1,5.8,7.1,5.9,5.7,7.4,7.9,8.1,6.2,7.3,5.1,4.2,7.4,1958.62051528095,73.764,39.01079941,12.6,3_Alert,2
Honduras,2019,64th,77.8,7.0,7.3,5.3,6.1,7.1,6.4,6.9,6.4,6.9,5.9,5.1,7.5,2502.32744328073,72.124,39.3883521850111,14.9,3_Alert,2
Tajikistan,2019,65th,77.7,6.1,8.4,6.8,6.7,4.5,6.0,9.0,5.2,8.6,7.3,3.8,5.3,871.022372934846,70.962,22.68630028,25.0,3_Alert,2
Senegal,2019,66th,77.2,5.6,7.0,5.8,7.1,7.0,7.7,4.1,7.4,5.4,7.4,6.7,6.1,1431.18128932159,67.668,43.37969971,34.8,3_Alert,2
West Bank and Gaza,2019,67th,76.5,6.3,8.1,10.0,4.2,6.2,4.4,6.2,4.2,6.9,5.4,7.2,7.5,3656.85827137011,75.811,70.6225837001758,13.6,3_Alert,2
Kyrgyz Republic,2019,68th,76.2,6.5,8.0,8.1,6.4,5.3,7.0,7.1,4.5,6.9,5.3,4.7,6.4,1421.99927504102,71.6,64.1,16.0,3_Alert,2
Jordan,2019,69th,75.9,5.3,6.9,8.6,6.8,5.2,4.5,6.0,3.6,7.4,5.9,8.8,6.9,4170.1144003465,76.865,70.08470154,13.7,3_Alert,2
Colombia,2019,70th,75.7,6.9,7.6,7.1,4.8,6.8,5.6,5.7,5.3,6.7,6.0,7.8,5.4,6472.54544924705,76.793,65.0069007159493,12.3,3_Alert,2
Uzbekistan,2019,70th,75.7,6.8,8.8,6.6,5.8,6.2,5.5,9.5,4.4,7.9,5.1,5.0,4.1,2041.38480729431,72.093,70.3999986481458,14.9,3_Alert,2
Algeria,2019,72nd,75.4,6.6,7.1,7.4,6.3,6.0,6.1,7.4,5.4,6.6,4.6,7.4,4.3,4468.45341883656,75.682,55.79069901,20.7,3_Alert,2
Russian Federation,2019,73rd,74.7,8.3,8.1,8.6,4.6,5.6,3.6,8.2,3.6,9.1,4.4,5.2,5.4,11447.701171875,73.0839024390244,82.6421618670668,4.8,3_Alert,2
India,2019,74th,74.4,7.2,7.3,8.0,5.3,6.4,6.1,4.1,6.8,5.6,7.7,4.7,5.1,2041.42863698585,70.746,29.52350044,29.8,3_Alert,2
Benin,2019,75th,73.6,5.9,6.7,2.8,6.5,8.0,7.1,4.8,8.3,4.9,7.7,4.9,6.0,1130.82135339795,59.888,20.50099945,51.8,3_Alert,2
Azerbaijan,2019,76th,73.2,5.8,7.9,5.9,4.4,5.5,4.3,9.0,4.8,8.3,4.0,7.1,6.2,4805.75371765917,73.29,81.0999990651547,16.5,3_Alert,2
Thailand,2019,77th,73.1,8.4,9.4,7.9,3.2,4.7,4.7,7.8,3.8,8.1,6.2,5.7,3.2,7605.69657797759,77.197,66.6524194587528,8.9,3_Alert,2
Morocco,2019,78th,73.0,5.2,6.6,8.5,5.2,5.4,7.9,6.8,4.8,6.2,4.6,5.9,5.8,3508.09765625,74.245,84.1203630467602,17.8,3_Alert,2
"Micronesia, Fed. Sts.",2019,78th,73.0,4.0,5.6,3.7,8.2,7.7,9.6,4.9,5.4,3.8,6.3,3.9,9.9,3572.65918282222,66.196,37.97370148,23.7,3_Alert,2
Bolivia,2019,80th,72.9,5.9,8.0,5.4,5.4,8.2,6.8,6.7,6.2,5.7,6.0,3.4,5.2,4203.15492855788,67.82,47.4748191121692,18.4,3_Alert,2
Georgia,2019,81st,72.0,6.2,9.1,7.3,5.6,4.9,4.9,8.1,3.7,5.0,3.1,6.9,7.2,4741.2832715876,74.165,68.8467135616978,8.2,3_Alert,2
Bhutan,2019,81st,72.0,3.9,7.5,8.5,5.0,5.3,6.9,3.7,5.5,6.0,5.5,6.4,7.7,3576.87987100503,72.005,74.17939758,17.9,3_Alert,2
Brazil,2019,83rd,71.8,7.0,6.2,7.0,5.0,7.4,4.5,7.0,6.6,6.9,7.3,3.3,3.6,9029.83304401079,75.809,73.9124399133589,12.9,3_Alert,2
Fiji,2019,84th,71.7,6.8,7.9,6.3,5.9,5.7,8.2,6.3,4.4,6.3,4.1,2.7,7.1,5842.07344577597,67.009,63.21789932,20.3,3_Alert,2
Turkmenistan,2019,85th,71.4,5.7,7.8,6.0,5.3,6.4,5.1,9.7,5.0,8.9,5.1,2.9,3.5,5998.0017434754,69.405,70.67685089,33.9,3_Alert,2
Bosnia and Herzegovina,2019,86th,71.3,5.4,8.7,7.2,6.2,4.7,5.9,6.3,3.1,5.0,3.4,7.2,8.2,6122.37541352353,77.394,69.9463476317266,5.9,3_Alert,2
Ecuador,2019,87th,71.2,6.2,8.2,6.7,5.7,6.4,5.2,5.7,5.9,4.2,5.7,5.5,5.7,6205.05765246766,77.286,59.2,11.7,3_Alert,2
Sao Tome and Principe,2019,88th,71.1,5.0,6.3,4.2,8.2,6.0,8.5,5.0,5.3,2.9,6.4,4.8,8.5,1935.2931816596,68.043,44.25790024,11.3,3_Alert,2
China,2019,88th,71.1,5.6,7.2,7.3,4.2,6.7,4.6,8.7,5.1,8.8,5.9,4.3,2.7,10342.9009524335,77.94,64.080881297515,6.0,3_Alert,2
South Africa,2019,88th,71.1,6.5,6.6,6.1,7.3,6.9,5.5,6.5,6.7,4.2,6.6,4.8,3.4,6533.71121032856,66.071,69.69689941,25.1,3_Alert,2
Ukraine,2019,91st,71.0,7.1,8.0,6.1,6.5,3.6,5.2,7.6,3.8,6.6,3.6,4.7,8.4,3619.86157226563,73.92,70.1248442995263,8.3,3_Alert,2
Gabon,2019,92nd,70.5,4.8,7.9,3.2,5.8,5.9,5.8,7.8,6.3,7.4,6.5,3.9,5.1,7441.1786472281,67.337,59.51760101,30.1,3_Alert,2
Saudi Arabia,2019,93rd,70.4,6.0,8.5,8.4,4.2,4.7,3.9,8.4,3.2,9.3,4.7,4.4,4.7,29566.7933827436,78.313,95.7247355953812,5.7,3_Alert,2
Indonesia,2019,93rd,70.4,5.9,7.1,7.3,4.5,5.2,6.9,4.5,5.3,7.0,7.3,4.8,4.6,4106.94856160358,70.349,47.6906489788375,18.5,3_Alert,2
Tunisia,2019,95th,70.1,7.7,7.8,7.1,6.7,4.9,5.9,6.7,4.0,5.9,3.6,4.1,5.8,3528.87213306798,75.599,66.6999983024144,14.4,3_Alert,2
El Salvador,2019,96th,69.8,6.9,4.3,6.1,5.4,5.8,8.5,4.2,5.8,5.7,7.0,4.8,5.3,4320.11671534627,71.725,50.4911940673888,10.6,4_HighWarning,3
Maldives,2019,96th,69.8,5.8,8.6,4.2,5.3,3.0,6.2,8.3,5.2,7.7,5.4,4.1,5.9,11740.2724029785,79.707,77.46970367,6.4,4_HighWarning,3
Mexico,2019,98th,69.7,8.8,5.4,6.6,4.5,5.5,5.3,5.9,6.2,5.9,5.5,4.8,5.2,10369.5553585271,74.53,69.6321092705209,13.7,4_HighWarning,3
Peru,2019,99th,68.2,6.5,6.9,8.0,3.6,6.8,6.8,6.6,6.1,3.7,6.2,4.1,2.9,7037.00803692604,76.275,59.9505036049006,12.5,4_HighWarning,3
Guyana,2019,99th,68.2,6.7,5.1,6.7,5.8,5.1,8.8,4.8,5.6,3.4,5.6,3.5,7.1,6405.82443444562,69.067,55.31269836,27.1,4_HighWarning,3
Belarus,2019,99th,68.2,5.5,8.3,6.5,5.2,4.3,3.4,8.8,3.6,7.7,4.9,3.0,7.0,6837.77339645635,74.2268292682927,82.7891520910901,2.4,4_HighWarning,3
Serbia,2019,102nd,68.0,5.1,8.0,7.7,6.2,4.2,5.3,5.5,3.6,4.1,3.7,8.0,6.6,7755.632986437,75.9365853658537,77.4167736219802,4.8,4_HighWarning,3
Moldova,2019,103rd,67.1,5.5,8.3,7.0,5.8,4.2,6.7,6.3,4.5,4.6,4.2,3.3,6.8,4405.33418162155,70.181,73.32610321,14.1,4_HighWarning,3
Paraguay,2019,104th,67.0,6.2,7.8,5.2,4.9,7.3,5.6,6.8,5.6,5.7,4.9,2.9,4.2,5821.18199548738,73.668,68.5176284222264,17.0,4_HighWarning,3
Armenia,2019,105th,66.7,4.9,7.4,5.5,6.5,3.9,6.4,7.1,3.3,6.6,2.5,6.4,6.3,4597.22887399548,76.2219512195122,66.5439496866159,10.7,4_HighWarning,3
Cabo Verde,2019,106th,66.6,5.0,5.5,3.5,5.8,6.3,7.5,4.7,5.4,3.4,6.6,4.2,8.7,4380.78117331128,75.449,61.9433977593088,13.2,4_HighWarning,3
Namibia,2019,107th,66.4,5.1,3.5,5.2,7.0,7.9,6.8,3.0,6.8,3.2,7.8,4.4,5.8,4731.9210318831,63.546,49.77590179,42.8,4_HighWarning,3
Dominican Republic,2019,108th,66.2,6.4,6.2,5.2,4.9,5.3,6.6,6.0,6.3,5.3,6.5,2.7,4.8,8183.01623600375,73.112,79.71549988,30.9,4_HighWarning,3
Viet Nam,2019,109th,66.1,4.2,6.9,5.8,4.3,4.2,5.9,8.4,4.1,7.8,5.5,4.1,4.9,3440.90025375434,74.211,68.6615802057338,14.1,4_HighWarning,3
Ghana,2019,110th,65.9,4.6,4.9,3.8,5.7,6.0,7.8,3.6,7.2,5.0,6.6,4.4,6.3,2186.65822682613,64.455,22.0732,32.9,4_HighWarning,3
North Macedonia,2019,111th,64.6,5.3,7.3,6.6,6.4,4.9,5.2,5.7,3.9,3.2,2.5,7.5,6.1,6718.85826635458,76.6024390243903,81.4128827618364,6.3,4_HighWarning,3
Samoa,2019,112th,64.2,4.1,5.1,4.2,6.2,4.3,9.5,4.9,4.3,3.9,5.1,2.9,9.7,4351.94234943706,70.269,70.67685089,14.9,4_HighWarning,3
Bahrain,2019,113th,63.8,6.3,7.6,9.0,3.9,4.3,3.4,8.5,1.8,8.6,3.7,2.0,4.8,27259.7438599327,80.471,99.7015043807778,6.5,4_HighWarning,3
Belize,2019,114th,62.5,6.9,4.3,4.1,6.3,4.8,6.3,4.6,5.3,5.3,4.3,3.1,7.2,6171.61449761423,72.577,58.76520157,11.4,4_HighWarning,3
Suriname,2019,115th,61.9,4.6,5.8,5.8,7.0,5.9,6.2,4.4,5.0,4.3,5.1,2.5,5.3,6629.66775248603,71.773,62.03350067,17.1,4_HighWarning,3
Kazakhstan,2019,116th,61.6,4.6,7.6,8.1,5.6,3.6,3.6,8.5,3.4,6.7,3.9,2.4,3.6,9457.12614657136,73.658,81.8776204746284,8.1,4_HighWarning,3
Jamaica,2019,117th,61.2,6.8,3.7,2.8,6.5,4.5,8.6,4.2,6.2,5.6,4.4,2.7,5.2,6030.68896415921,71.532,70.8410169743356,17.2,4_HighWarning,3
Cuba,2019,118th,60.8,4.6,7.0,3.4,4.2,4.8,5.2,7.5,3.9,6.7,5.3,3.4,4.8,9232.26115935183,77.413,67.9708086565152,5.4,4_HighWarning,3
Malaysia,2019,119th,60.5,5.8,6.8,6.0,3.1,4.5,5.1,6.9,3.6,7.4,4.7,3.4,3.2,10920.191763972,75.9,84.1871450078281,6.8,4_HighWarning,3
Botswana,2019,120th,59.5,3.8,3.3,4.3,5.8,7.2,5.5,2.7,6.5,5.1,7.9,3.9,3.5,7172.08956480028,67.167,48.82279968,37.4,5_Warning,4
Albania,2019,121st,58.9,5.1,6.2,4.3,6.0,3.0,7.8,5.7,3.8,4.2,3.1,3.0,6.7,6069.43903131027,79.467,68.5503911218006,8.0,5_Warning,4
Cyprus,2019,122nd,57.8,4.1,7.9,5.7,5.4,5.3,3.5,4.2,2.1,2.8,3.2,5.3,8.4,29227.173828125,81.454,86.0636299618935,2.5,5_Warning,4
Grenada,2019,123rd,57.6,5.2,5.6,3.6,5.6,4.6,7.9,4.9,3.6,2.7,4.2,2.6,7.1,10462.7929159533,74.971,64.31279755,16.8,5_Warning,4
Brunei Darussalam,2019,124th,57.5,4.5,7.4,5.9,3.5,7.5,4.4,7.7,1.5,7.1,3.1,1.6,3.3,30426.5730656528,75.049,95.0,9.0,5_Warning,4
Montenegro,2019,125th,55.3,4.6,6.5,8.5,5.3,1.8,4.1,4.1,3.3,3.7,2.2,4.0,7.1,8749.02375172644,76.6829268292683,73.4766657478691,2.6,5_Warning,4
Seychelles,2019,126th,55.2,5.8,6.0,4.2,3.9,5.3,5.7,4.9,2.1,3.8,4.5,2.6,6.4,19141.5118743615,74.0463414634146,76.63420105,13.6,5_Warning,4
Antigua and Barbuda,2019,127th,54.4,5.7,3.7,3.6,5.1,4.2,6.4,4.8,3.7,4.5,4.3,2.9,5.5,18896.3721832248,77.168,71.09259796,8.0,5_Warning,4
Mongolia,2019,128th,54.1,3.2,5.5,3.2,4.8,5.8,3.8,4.1,4.8,4.2,4.9,2.6,7.2,4347.54610314873,71.0531707317073,51.079994082603,12.8,5_Warning,4
Greece,2019,129th,53.9,4.3,4.1,4.8,5.7,2.9,3.3,6.1,3.8,3.3,3.9,5.7,6.1,19335.3602002969,81.6390243902439,75.6712066931757,3.5,5_Warning,4
Kuwait,2019,130th,53.2,3.6,7.5,4.1,2.4,3.9,3.6,7.3,2.0,7.3,4.4,2.9,4.2,31707.8737443551,81.969756097561,99.5426764518489,7.6,5_Warning,4
Trinidad and Tobago,2019,131st,53.0,6.5,5.6,3.6,4.3,4.7,7.8,3.9,3.7,3.6,3.9,2.3,3.1,17212.6128892163,72.836,74.98670197,19.2,5_Warning,4
Bulgaria,2019,132nd,50.6,4.3,5.3,4.8,5.2,3.8,4.2,3.9,3.8,3.2,3.5,4.3,4.3,10353.7204584127,75.1121951219512,67.9469809417603,5.5,5_Warning,4
Oman,2019,133rd,50.0,3.6,6.6,2.3,4.1,4.2,2.5,7.0,2.9,7.5,4.2,2.1,2.9,19180.1864152801,79.946,90.25939941,8.7,5_Warning,4
Hungary,2019,134th,49.6,2.7,5.3,4.2,4.8,3.2,3.6,6.4,2.6,5.3,1.4,5.9,4.2,17012.8598553199,76.3195121951219,80.3716936050482,3.4,6_Stable,5
"Bahamas, The",2019,135th,48.8,4.9,4.5,3.5,4.2,4.2,4.3,3.0,4.0,4.0,6.3,2.2,3.7,33640.3369861278,71.408,90.69329834,16.0,6_Stable,5
Barbados,2019,136th,48.0,4.6,4.2,3.5,5.7,4.3,5.3,1.9,2.4,3.5,4.6,1.9,6.0,21912.1501242857,76.495,70.30709839,10.6,6_Stable,5
Romania,2019,137th,47.8,2.5,5.7,6.2,4.4,3.6,4.5,5.6,3.4,3.5,2.6,2.3,3.6,12909.6104013244,75.6073170731707,73.6574757545465,5.6,6_Stable,5
Croatia,2019,138th,47.5,3.0,4.4,5.2,5.3,2.7,4.9,2.3,2.6,3.2,2.9,6.4,4.6,15563.5987295029,78.2243902439024,79.0797836757554,4.0,6_Stable,5
Panama,2019,139th,47.0,5.2,2.2,5.6,2.8,6.6,4.6,2.9,4.4,3.8,4.1,2.5,2.3,16477.9066268111,78.514,63.6284147731451,12.6,6_Stable,5
Argentina,2019,140th,46.0,4.9,2.8,4.4,4.9,5.2,3.0,4.2,3.3,3.9,3.2,1.9,4.3,9955.97478680428,76.847,79.9469520347551,8.9,6_Stable,5
Qatar,2019,141st,45.4,2.0,5.0,4.0,1.5,4.6,2.1,6.4,1.3,6.4,3.2,1.4,7.6,66841.3623185691,82.945,99.6528042086389,5.4,6_Stable,5
Latvia,2019,142nd,43.9,3.0,4.3,8.5,3.5,3.5,5.1,2.8,2.4,3.0,2.3,2.2,3.3,17294.9751600969,75.3878048780488,86.13545644343,3.3,6_Stable,5
Italy,2019,143rd,43.8,5.1,4.9,4.9,5.2,2.3,2.0,3.4,3.0,1.4,3.5,5.3,2.8,33812.788724868,83.4975609756098,67.8507102874836,2.6,6_Stable,5
Poland,2019,144th,42.8,2.4,4.2,6.2,3.8,2.4,4.7,4.1,2.1,4.2,2.4,3.0,3.4,15874.5220531254,77.9048780487805,80.4359068768673,3.8,6_Stable,5
Costa Rica,2019,145th,42.0,3.7,3.8,3.6,4.6,4.7,4.1,1.8,3.4,1.5,2.7,3.7,4.4,12884.6859951989,80.296,81.2025964435269,7.9,6_Stable,5
Estonia,2019,146th,40.8,2.7,5.9,7.6,3.1,2.6,4.3,2.1,2.3,1.7,2.2,2.5,3.7,24021.2501413306,78.6463414634147,90.2289281997919,1.9,6_Stable,5
Spain,2019,147th,40.7,3.4,6.9,6.1,4.6,2.9,1.3,6.9,1.9,1.2,1.4,2.0,2.0,29786.5245689007,83.8317073170732,90.718665325267,2.6,6_Stable,5
Slovak Republic,2019,148th,40.5,1.8,5.0,6.3,4.0,2.9,4.0,4.4,2.0,2.4,1.7,3.2,2.7,19406.0589683582,77.6658536585366,82.8536605021784,5.0,6_Stable,5
United Arab Emirates,2019,149th,40.1,3.1,3.6,2.8,2.2,2.8,2.5,6.6,1.6,7.6,3.4,1.8,2.1,45938.6073581994,82.596,99.1499979561243,5.0,6_Stable,5
Mauritius,2019,150th,38.9,1.7,3.2,3.8,4.5,2.9,4.3,2.4,2.9,3.8,3.0,2.3,4.1,11568.2533399824,74.2358536585366,61.7299551453346,14.0,7_MoreStable,6
Chile,2019,150th,38.9,3.8,2.2,3.0,3.7,5.1,3.8,2.7,3.4,3.2,4.7,1.8,1.5,14495.716721687,80.324,85.01760101,6.0,7_MoreStable,6
Lithuania,2019,152nd,38.1,2.8,3.0,3.8,3.9,4.2,4.6,2.1,2.9,2.7,2.2,1.9,4.0,19608.7943945553,76.2829268292683,81.5818683764046,3.3,7_MoreStable,6
United States,2019,153rd,38.0,3.5,5.8,6.1,2.1,3.7,1.9,2.6,1.2,3.8,3.3,2.4,1.6,64746.4506778863,78.7878048780488,89.4302848575712,5.5,7_MoreStable,6
Czechia,2019,154th,37.6,3.2,5.3,4.8,4.0,2.1,3.0,4.7,2.0,2.2,1.0,3.2,2.1,24062.7190013343,79.2292682926829,80.8669444139622,2.4,7_MoreStable,6
United Kingdom,2019,155th,36.7,3.5,5.5,6.4,3.9,4.0,2.5,2.3,1.5,1.5,1.9,1.6,2.0,43158.7411267323,81.3691219512195,92.5166285497138,3.8,7_MoreStable,6
Malta,2019,156th,34.5,3.0,2.0,3.3,3.7,2.0,3.7,3.3,1.5,3.1,2.4,3.8,2.8,32421.9179752262,82.6585365853659,85.7785963798031,5.4,7_MoreStable,6
Japan,2019,157th,34.3,1.6,2.6,3.1,3.5,1.4,3.3,0.9,1.6,3.2,6.2,3.8,3.2,40415.9567649547,84.3563414634146,92.7303978145525,1.8,7_MoreStable,6
Uruguay,2019,158th,34.0,4.3,2.7,2.2,3.8,3.3,3.8,0.7,2.7,2.9,3.2,2.1,2.3,18315.7316980028,77.503,83.3515337667548,6.2,7_MoreStable,6
"Korea, Rep.",2019,159th,33.7,2.1,3.9,2.7,1.9,2.4,3.7,3.6,1.3,3.2,2.3,1.6,5.0,33826.9443301597,83.2268292682927,96.157579184239,2.6,7_MoreStable,6
France,2019,160th,32.0,3.5,1.9,7.0,3.7,3.4,2.3,1.5,1.2,1.6,2.2,2.2,1.5,40408.2848574751,82.8268292682927,83.3397440866883,3.3,7_MoreStable,6
Belgium,2019,161st,28.6,2.6,4.4,4.7,4.2,2.1,2.0,1.4,1.7,1.0,1.7,2.2,0.7,46716.6227467964,81.9951219512195,90.275428012141,3.3,8_Sustainable,7
Singapore,2019,162nd,28.1,1.0,4.0,2.0,1.4,3.2,2.7,3.9,1.0,4.6,2.2,1.1,1.0,65952.0378959293,83.5951219512195,88.9492526850762,2.0,8_Sustainable,7
Slovenia,2019,163rd,28.0,1.0,2.0,4.2,3.2,2.8,3.6,2.1,1.3,1.0,1.7,3.4,1.7,25814.1687167572,81.5292682926829,83.1083578026717,2.0,8_Sustainable,7
Portugal,2019,164th,25.3,1.0,2.5,1.9,4.5,1.9,2.2,1.0,2.2,1.2,2.1,1.8,2.9,23343.3628970034,81.6756097560976,75.3463779408712,2.8,8_Sustainable,7
Austria,2019,165th,25.0,1.6,3.2,4.5,1.6,2.3,1.4,1.1,1.1,0.9,1.3,5.0,0.9,49885.9947355204,81.8951219512195,87.7522047870069,2.9,8_Sustainable,7
Netherlands,2019,166th,24.8,2.1,3.4,4.2,2.1,1.6,2.5,1.0,0.8,1.0,1.9,3.2,1.0,53554.9007491475,82.1121951219512,93.2885906040269,3.5,8_Sustainable,7
Germany,2019,167th,24.7,2.3,2.6,4.6,1.6,2.4,2.1,0.7,0.9,0.8,1.4,4.6,0.7,47656.199739747,81.2926829268293,88.1345169091916,3.1,8_Sustainable,7
Ireland,2019,168th,20.6,2.7,1.5,1.0,2.8,1.6,2.8,0.7,1.4,1.8,1.7,1.4,1.2,81827.6688873996,82.7024390243903,87.0000552425146,3.0,8_Sustainable,7
Luxembourg,2019,169th,20.4,1.3,3.4,2.7,1.2,1.2,1.7,0.7,1.7,1.0,1.6,3.1,0.8,112696.649059674,82.6390243902439,97.120635693272,2.0,8_Sustainable,7
Sweden,2019,170th,20.3,2.7,1.8,1.7,1.5,1.5,1.1,0.8,0.9,0.9,1.6,4.9,0.9,51648.9892820514,83.109756097561,94.4934434072202,2.2,8_Sustainable,7
New Zealand,2019,171st,20.1,1.4,1.4,3.2,3.2,1.9,2.3,0.6,1.0,0.8,1.7,1.7,0.9,42855.831861632,82.0560975609756,89.86370087,4.4,8_Sustainable,7
Canada,2019,172nd,20.0,2.8,2.5,2.8,1.5,2.1,1.7,0.7,1.0,1.4,1.3,1.6,0.7,46352.8693445211,82.1585365853659,91.91290283,4.5,8_Sustainable,7
Iceland,2019,173rd,19.8,0.7,1.8,1.0,3.1,0.9,2.5,1.0,1.0,1.0,1.3,1.7,3.8,69296.3144361601,83.1634146341463,99.5049411693787,2.1,9_VerySustainable,8
Australia,2019,174th,19.7,2.7,1.7,3.3,1.6,1.6,1.0,1.0,1.5,1.7,1.2,1.7,0.7,55194.7585097428,82.9,93.60990143,3.2,9_VerySustainable,8
Denmark,2019,175th,19.5,1.3,1.4,4.3,1.6,1.2,1.9,0.9,0.9,1.7,1.6,2.0,0.7,59404.2663247723,81.4512195121951,98.0464347521549,3.3,9_VerySustainable,8
Switzerland,2019,176th,18.7,1.1,1.0,3.3,1.9,1.8,1.7,0.7,1.0,1.4,1.4,2.7,0.7,84121.9310304414,83.9048780487805,93.1460869535177,3.5,9_VerySustainable,8
Norway,2019,177th,18.0,2.1,1.1,3.3,1.9,1.0,1.3,0.6,0.8,0.9,1.2,2.8,1.0,76430.5889473338,82.9585365853659,98.0000043853142,2.0,9_VerySustainable,8
Finland,2019,178th,16.9,2.5,1.4,1.2,2.9,0.7,2.0,0.9,0.7,0.7,1.0,1.9,1.0,48358.1807773701,81.9829268292683,89.6073851129779,1.9,9_VerySustainable,8
"Yemen, Rep.",2020,1st,112.43869382016283,9.7,10.0,9.698870493625387,9.399999999999999,7.8,7.0,9.889823326537444,9.5,9.95,9.799999999999999,9.7,10.0,5561.19166950397,66.435,70.67685089,37.6,1_VeryHighAlert,0
Somalia,2020,2nd,110.88895932474605,9.811328490086028,10.0,8.6,9.100000000000001,9.367150545702447,8.899999999999999,8.888107355505014,9.1,9.0,9.981087160877717,9.1,9.041285772574858,5561.19166950397,72.403,70.67685089,13.6,1_VeryHighAlert,0
South Sudan,2020,3rd,110.75219038198196,9.399999999999999,9.7,9.1,9.5,9.200000000000001,6.8,9.944414608413737,9.5,9.0,9.450356501605945,9.7,9.45741927196228,5561.19166950397,57.648,70.67685089,71.9,1_VeryHighAlert,0
Syrian Arab Republic,2020,4th,110.74969653593257,9.9,9.9,10.0,8.686367257698269,7.2,8.413343401338238,9.95,9.1,10.0,7.6000000000000005,10.0,9.999985876896055,572.355289831901,71.944,70.67685089,20.0,1_VeryHighAlert,0
"Congo, Dem. Rep.",2020,5th,109.39462095485345,8.5,9.8,9.7,8.0,8.619841998316438,6.9,9.660971453966384,9.464910678826097,9.548896823744546,9.8,10.0,9.399999999999999,486.425572682256,60.428,14.51049995,57.2,1_VeryHighAlert,0
Central African Republic,2020,6th,107.48660467238278,8.299999999999999,9.682,8.0,8.399999999999999,9.934480932168615,6.8,8.879978927548278,9.990144812665898,9.2,8.799999999999999,10.0,9.5,462.879071294011,50.596,70.67685089,74.7,1_VeryHighAlert,0
Chad,2020,7th,106.43382055499453,9.2,9.5,8.299999999999999,8.5,8.871489844683962,8.4,9.299999999999999,9.36233071031056,8.5,9.6,9.2,7.7,866.947814890409,53.082,8.343099594,62.9,1_VeryHighAlert,0
Sudan,2020,8th,104.76588517295875,8.37703025123304,9.4,9.39911467501639,8.075022252731817,8.0,8.0,9.3,8.314717993977492,8.9,9.1,9.299999999999999,8.6,577.795227050781,65.124,70.67685089,42.2,1_VeryHighAlert,0
Afghanistan,2020,9th,102.90118710068992,9.932962647670891,8.9,7.5,8.299999999999999,7.729525686149799,7.5,9.006570219527681,9.5,7.6000000000000005,9.0,9.299999999999999,8.63212854734157,510.787063366811,61.454,17.04850006,54.9,1_VeryHighAlert,0
Zimbabwe,2020,10th,99.22085680550748,8.5,10.0,6.4,8.6,7.6000000000000005,7.0,9.1,8.679234263246721,8.299999999999999,9.3,8.5,7.241622542260763,2059.67445384499,61.53,29.29856532,57.8,1_VeryHighAlert,0
Burundi,2020,11th,97.87602964557674,8.299999999999999,7.9,7.6000000000000005,8.5,7.349977492641947,5.9,9.126052152934783,7.8999999999999995,9.1,9.2,8.5,8.5,255.8324539389,62.569,6.430099964,34.6,1_VeryHighAlert,0
Cameroon,2020,11th,97.85508160571896,8.2,9.299999999999999,8.6,6.8,7.663807080562123,7.6,8.899999999999999,8.299999999999999,7.8,8.79127452515685,8.6,7.3,1555.60370660749,61.674,37.69749832,45.5,1_VeryHighAlert,0
Haiti,2020,13th,97.67900000000002,6.9,9.579,5.6000000000000005,8.5,9.1,8.1,9.1,9.299999999999999,6.9,8.2,7.1000000000000005,9.299999999999999,1290.32538667383,63.773,39.38809967,43.6,1_VeryHighAlert,0
Nigeria,2020,14th,97.2675111298435,8.7,9.9,9.1,7.851499010833221,7.8,6.6000000000000005,8.1,8.8689514970993,8.379711729689621,9.339818950110857,6.9,5.727529942110489,2797.18458068686,53.072,31.88879967,69.5,1_VeryHighAlert,0
Guinea,2020,15th,97.16761117146424,8.299999999999999,9.6,9.17661260795946,8.299999999999999,7.0,6.8,9.9,9.190998563504802,6.8,8.299999999999999,7.3,6.5,1053.66097696415,59.35,26.14550018,65.7,1_VeryHighAlert,0
Mali,2020,16th,96.04331296449108,9.5,5.7,8.4,7.288617624493533,7.016941832855339,8.0,7.0,8.8,7.737753507142221,8.600000000000001,8.4,9.6,953.242943290974,58.858,29.11300087,55.4,1_VeryHighAlert,0
Iraq,2020,17th,95.94116979347217,8.2,9.6,8.5,5.6000000000000005,6.4,6.8,9.119572619512931,8.399999999999999,7.821597173959248,8.1,8.6,8.799999999999999,4295.18945121228,69.651,53.67779922,22.8,1_VeryHighAlert,0
Eritrea,2020,18th,95.8442307280238,6.4854309467180995,8.1,8.0,7.4,8.59638307400783,8.8,9.440290516798997,7.5,8.656223295878629,8.165902894620263,7.7,7.0,5561.19166950397,66.98,14.34939957,27.8,1_VeryHighAlert,0
Niger,2020,19th,95.31488303494451,8.799999999999999,8.9,7.8,6.8,7.7,7.3,7.0,9.196186164435042,6.942571189989289,8.72561298356892,8.4,7.750512696951267,579.512495758236,59.89,11.85680008,69.1,1_VeryHighAlert,0
Libya,2020,20th,95.19371849236182,9.5,9.7,7.8,8.0,5.3,5.7,9.793718492361826,6.9,9.4,5.3,8.0,9.799999999999999,6650.33810585348,72.388,74.35810089,9.0,1_VeryHighAlert,0
Ethiopia,2020,21st,94.59577634557802,7.8999999999999995,8.9,9.0,6.1000000000000005,6.2,6.3,8.5,8.295776345578005,7.8999999999999995,9.1,8.799999999999999,7.6000000000000005,829.790982547947,65.969,16.06959915,39.4,1_VeryHighAlert,0
Myanmar,2020,22nd,94.0,8.799999999999999,8.0,9.8,5.0,7.0,6.800000000000001,8.0,8.4,9.4,6.3,9.1,7.4,1490.21683599469,66.612,45.4477005,37.2,1_VeryHighAlert,0
Guinea-Bissau,2020,23rd,92.90207550854626,8.0,9.6,4.6000000000000005,7.4,9.444563996884632,7.2,8.6,8.6,6.9,8.425046503230945,6.4324650084306905,7.7,846.915855715971,61.343,20.45730019,47.2,1_VeryHighAlert,0
Uganda,2020,24th,92.7703684743757,7.2,8.9,8.0,6.0,6.75027639895046,7.0,8.299999999999999,7.3,7.7,9.220092075425237,8.799999999999999,7.6,845.766463890124,66.41,7.4,36.6,1_VeryHighAlert,0
Pakistan,2020,25th,92.07809303255931,8.2,9.0,9.1,7.0780930325593046,5.6000000000000005,6.5,7.6000000000000005,7.7,7.1000000000000005,7.8999999999999995,7.8,8.5,1278.39735206896,65.701,18.935,54.6,1_VeryHighAlert,0
"Congo, Rep.",2020,25th,92.06819972980338,7.274583094147724,6.7,8.1,7.813483847210408,8.391421783959427,7.1000000000000005,9.082993078230825,8.6,8.1,8.005717926254988,6.7,6.2,1993.586671931,64.391,21.99850082,30.3,1_VeryHighAlert,0
Mozambique,2020,27th,91.69371296150742,6.849035223109384,7.1,5.3,8.302586287881116,9.492917357087364,7.4,7.3,9.373286883147546,5.3,9.8,7.6,7.87588721028202,462.433876479921,61.39,14.28740025,48.6,1_VeryHighAlert,0
"Venezuela, RB",2020,28th,91.15759122974585,7.244252687927739,9.152000000000001,7.3,8.7,6.6000000000000005,6.350284251023837,9.311054290794257,8.4,9.0,6.5,6.6,6.0,1506.0436210041,72.369,72.44110107,21.2,1_VeryHighAlert,0
Kenya,2020,29th,90.31586992597771,7.6603465673296975,8.6,8.299999999999999,6.529169236421345,7.326354122226658,6.9,7.8999999999999995,7.7,6.5,8.299999999999999,7.4,7.2,1927.66459027849,61.596,24.7227993,36.5,1_VeryHighAlert,0
"Korea, Dem. People's Rep.",2020,30th,90.21129784524969,8.3,8.5,5.5,8.6,7.2,4.1000000000000005,9.911297845249694,8.299999999999999,9.4,6.8,4.1000000000000005,9.5,5561.19166950397,72.783,70.67685089,14.1,1_VeryHighAlert,0
Liberia,2020,31st,90.04390059160053,6.914197977500817,8.3,4.9,8.254325069340153,7.5,7.2,7.1,9.0,6.2,8.475377544759555,7.8,8.399999999999999,616.787867006715,61.267,22.91069984,63.4,1_VeryHighAlert,0
Cote d'Ivoire,2020,32nd,89.72267369142226,7.1000000000000005,9.1,7.6,6.4,7.5,6.7,7.0,8.07352221875831,7.0,8.24915147266397,6.9,8.1,2179.72934832935,60.14,36.01660156,50.3,2_HighAlert,1
Mauritania,2020,33rd,88.74246859603146,6.6,8.8,7.3,6.8,5.9,6.6000000000000005,8.0,8.390647077647277,7.2,8.451821518384193,7.6,7.1000000000000005,1795.76459566714,66.794,29.90649986,33.9,2_HighAlert,1
Angola,2020,34th,87.32003902658735,7.08223650477891,7.2,7.8,6.8999999999999995,9.0,6.3,8.0497760072349,8.708896953443105,6.4,8.818717206717086,6.2,4.860412354413354,1759.35619918264,63.116,33.32089996,34.9,2_HighAlert,1
Rwanda,2020,35th,86.02952230051775,6.055203794650836,8.0,9.899951585980176,5.908512802094449,7.789591792332359,6.8,6.861576396852225,6.5,6.3,7.514685928607721,7.8,6.6000000000000005,778.701498925026,66.953,23.8,31.3,2_HighAlert,1
"Egypt, Arab Rep.",2020,35th,86.00613825029183,7.8999999999999995,9.1,8.6,7.6000000000000005,5.4,5.281330356633816,8.6,4.230977023349143,9.7,6.1938308703088705,6.4,7.0,3511.11381026379,69.79,71.91420096,22.6,2_HighAlert,1
Burkina Faso,2020,37th,85.92852306050814,8.7,7.8,4.4,6.728523060508139,7.3,7.1000000000000005,6.2,8.4,5.699999999999999,8.6,7.0,8.0,825.237038782475,60.454,12.97319984,48.7,2_HighAlert,1
Togo,2020,38th,85.84143116430509,6.7,7.6,5.7,6.7,8.445842885101769,7.2,8.5,8.2,6.9,7.530351146418348,6.6000000000000005,5.765237132784981,863.468665870276,61.14,29.02370071,39.1,2_HighAlert,1
Bangladesh,2020,39th,85.69999999999999,7.3,9.3,8.3,5.8,6.0,7.3,7.3,7.2,7.0,7.1,7.6,5.5,2248.85078828233,71.421,36.10910034,24.8,2_HighAlert,1
Lebanon,2020,40th,84.72043333917239,7.8,9.6,8.22043333917241,7.0,4.9,5.8999999999999995,7.4,4.8,6.9,4.7,8.7,8.799999999999999,5561.19166950397,76.299,82.0664978,13.1,2_HighAlert,1
Zambia,2020,41st,84.47412891194057,4.8,5.9,5.0,7.802659241308777,9.421156954560534,7.0,7.8,7.721490249680855,7.1000000000000005,9.4288224663904,5.8,6.7,951.644316655957,63.361,14.64579964,35.7,2_HighAlert,1
Sierra Leone,2020,42nd,84.35580251344358,4.1000000000000005,7.8,5.9,8.299999999999999,8.0,7.7,6.0,8.5,5.155802513443588,8.8,7.1000000000000005,7.0,845.277557920549,59.694,17.12080002,61.9,2_HighAlert,1
Malawi,2020,43rd,84.01636088313059,5.1,8.1,5.0,7.7,8.14192263787756,7.1000000000000005,6.6,7.874438245253028,5.6000000000000005,9.4,5.7,7.7,602.507478176106,65.216,13.89949989,38.2,2_HighAlert,1
"Iran, Islamic Rep.",2020,44th,83.3866086520676,7.2,9.6,9.59742249523,7.2,5.0,5.6000000000000005,9.2,3.689186156837593,9.200000000000001,4.5,5.6000000000000005,7.0,3202.50003502169,74.141,75.56986637,11.8,2_HighAlert,1
Equatorial Guinea,2020,45th,83.01620385538543,6.2,8.2,6.6,5.731406804954252,8.049823071355833,4.6000000000000005,9.83497397907534,8.4,8.299999999999999,8.200000000000001,4.8,4.1000000000000005,5764.05502912947,62.141,55.00130081,53.9,2_HighAlert,1
Eswatini,2020,45th,83.0,5.4,6.8,2.5,9.5,7.8999999999999995,6.7,8.609707709097925,7.2,8.5,8.6,4.3,7.0,3466.56936278145,59.862,49.01300049,47.3,2_HighAlert,1
Djibouti,2020,47th,82.72548312161723,5.6000000000000005,7.3,5.6000000000000005,6.703470297911661,7.4,4.9,8.122012823705573,7.3,7.4,7.5,7.0,7.8999999999999995,2844.88810647853,64.2,59.92570114,48.7,2_HighAlert,1
Timor-Leste,2020,47th,82.66311377505994,6.463113775059945,8.3,5.6000000000000005,7.2,6.5,7.3,5.8,7.6000000000000005,4.4,8.899999999999999,5.7,8.899999999999999,1630.86938521256,66.919,32.01269913,38.7,2_HighAlert,1
Nepal,2020,49th,82.56660214637142,5.6000000000000005,8.8,9.748870493625386,5.3,5.8,6.117731652746049,6.3,6.3,6.8,8.1,7.5,6.2,1154.21517578318,69.106,36.96530151,25.9,2_HighAlert,1
Papua New Guinea,2020,50th,82.29729048388526,7.0,7.1,5.4,6.695407592000413,9.100000000000001,6.8,6.031467132374356,9.183661410297951,6.886754349212545,7.6,4.6,5.9,2429.61134585269,65.075,15.02040005,35.2,2_HighAlert,1
"Gambia, The",2020,51st,82.21463956781182,6.0,7.7,2.9000000000000004,8.1,6.0,7.6000000000000005,7.5,7.215577531075619,8.1,8.401335360906664,6.3,6.397726675829536,720.335143352133,64.418,36.01100159,37.0,2_HighAlert,1
Sri Lanka,2020,52nd,81.8,7.1,9.1,9.1,5.2,6.2,7.0,6.6000000000000005,4.2,8.1,5.7,7.5,6.0,3847.60137695639,76.928,36.18473435,6.0,2_HighAlert,1
Comoros,2020,53rd,81.24901232562686,6.5,8.0,4.5,7.3,7.008748076415193,6.5,7.3999999999999995,7.457856927627997,5.7824073215836815,7.8999999999999995,5.8,7.1000000000000005,1519.34665556206,65.756,22.42040062,38.9,2_HighAlert,1
Philippines,2020,54th,80.99999999999999,9.2,8.0,7.6000000000000005,4.6000000000000005,4.8,5.7,7.3,5.8,7.5,7.6,6.6000000000000005,6.3,3227.57910235199,70.097,53.76490021,22.7,2_HighAlert,1
Cambodia,2020,55th,80.30838110384798,6.7,8.6,6.0,5.0,5.9,6.9,8.399999999999999,7.708381103848001,7.3,5.9,4.8,7.1000000000000005,2081.73914242939,70.059,56.37590027,19.2,2_HighAlert,1
Solomon Islands,2020,56th,79.74524648137532,5.9,8.2,5.6000000000000005,6.8,8.1,6.6000000000000005,5.9,7.745246481375322,4.3,7.4,4.1,9.100000000000001,2063.32780991967,69.258,24.1984005,18.3,3_Alert,2
Madagascar,2020,57th,79.53029880171496,6.6000000000000005,7.8,3.2,7.0,8.880230904515388,6.4,6.24142287084925,8.299999999999999,5.804759329429396,9.203885696920931,4.2,5.9,450.771615201509,62.706,11.35470009,44.3,3_Alert,2
Guatemala,2020,58th,79.17634843834767,7.0856763412485915,7.1,9.4,4.8,7.2,7.2,6.4,6.690672097099105,7.0,6.9,5.1000000000000005,4.3,4477.61785000665,69.971,47.51229858,19.5,3_Alert,2
Turkiye,2020,59th,79.14739400388918,7.466498353926334,8.8,9.959586720458175,4.613823759705481,5.0,4.4,7.5221682773434555,4.389689463606955,8.29562742884877,4.6000000000000005,8.7,5.3999999999999995,8798.11791709313,76.525,77.6695605,9.1,3_Alert,2
Lesotho,2020,60th,78.29011539823739,6.680287113355039,7.3,3.0,8.440915810276156,8.282136433125421,7.827497444993677,5.0,7.2,5.059278596487088,8.0,4.6,6.9,918.582574704447,55.133,43.65750122,62.1,3_Alert,2
Tanzania,2020,61st,78.14413662466475,5.475616044169103,5.7,4.7,5.916975920910515,6.8,7.3,6.3999999999999995,8.5,6.1000000000000005,8.551544659585122,5.8,6.9,1117.41528320313,66.771,19.48139954,33.2,3_Alert,2
Nicaragua,2020,62nd,77.07751153310853,6.1,7.1,5.6000000000000005,5.550137528301343,7.300000000000001,7.6000000000000005,8.4,5.9273740048071915,7.6,4.8,4.0,7.1000000000000005,1938.44704754382,70.766,44.87490082,12.5,3_Alert,2
Lao PDR,2020,63rd,76.86018745028443,4.7,8.3,6.912499602059071,5.1000000000000005,5.6000000000000005,7.1000000000000005,9.047687848225346,6.1000000000000005,7.0,6.4,5.4,5.2,2583.77730696131,68.339,54.0,31.9,3_Alert,2
Honduras,2020,64th,76.78897699605234,7.165666999604573,7.0,5.0,5.8,6.8,6.423215358535094,7.0,6.518146537907986,6.881948100004684,5.6000000000000005,5.4,7.2,2307.61494319511,70.864,45.24829865,14.5,3_Alert,2
Colombia,2020,65th,76.61419215568088,7.231934368167046,7.6,7.153130169276803,4.827573269439744,6.5,5.3,5.8,5.6,6.5015543487972876,6.5,7.8999999999999995,5.7,5339.68711357943,74.757,69.79533474,11.9,3_Alert,2
Tajikistan,2020,66th,75.50515391672525,6.031020278255557,8.4,6.5,6.4,4.2,5.7,9.018296159798515,4.949441963271443,8.324226120324951,7.0,3.8,5.182169395074785,834.311715460625,68.605,27.54409981,24.9,3_Alert,2
Jordan,2020,67th,75.42853052941282,5.506529945759103,6.9,8.9,6.5,4.9,4.8,6.062216891956368,3.816760174400579,7.1000000000000005,5.6000000000000005,8.5,6.843023517296773,4022.0401356135,75.583,78.4178009,13.3,3_Alert,2
India,2020,68th,75.30743258442217,6.9074325844221764,7.3,8.5,5.6,6.1000000000000005,5.8,4.0,6.5,7.6,7.8,4.4,4.8,1907.04251637669,70.156,43.40544313,28.3,3_Alert,2
West Bank and Gaza,2020,69th,75.1239717239818,6.0,8.424,9.999971723981794,3.9000000000000004,5.9,4.7,5.9,3.9000000000000004,6.6000000000000005,5.1000000000000005,7.5,7.2,3233.56863835858,74.998,76.18160248,13.2,3_Alert,2
Bolivia,2020,70th,74.96686955912168,6.2,9.0,5.9,5.117912952209727,8.299999999999999,6.5,7.5,5.9,6.2,6.1,3.3,4.948956606911955,3580.96761778303,62.906,59.94010155,17.4,3_Alert,2
Algeria,2020,71st,74.57518290066574,6.317766828484937,7.8100000000000005,7.472406892343541,6.2,5.7,5.8,8.270365822794373,5.1000000000000005,6.3,4.504643357042894,7.1000000000000005,4.0,3743.5419522929,73.257,63.47269821,20.4,3_Alert,2
Senegal,2020,71st,74.5646477541905,5.382238107524531,7.0,5.5,6.906552728947596,6.97925250642478,7.4,3.8,7.196604411293606,5.1000000000000005,7.1000000000000005,6.4,5.8,1461.08720350553,67.496,53.30879974,33.7,3_Alert,2
Kyrgyz Republic,2020,73rd,73.92936357080953,6.520563901521362,8.0,8.4,6.1000000000000005,5.0,6.7,6.8,4.308799669288177,6.6000000000000005,5.0,4.4,6.1000000000000005,1229.51766602907,71.8,72.0,15.6,3_Alert,2
Uzbekistan,2020,74th,73.10388718030978,6.5,8.8,6.3,5.5,5.9,5.2,9.440511660128445,4.1000000000000005,7.6000000000000005,4.8,4.7,4.263375520181347,1978.28051860763,71.461,71.09999824,14.4,3_Alert,2
Brazil,2020,75th,72.99411372588226,7.1,6.2,7.3,5.241637182718234,7.1000000000000005,4.2,6.7,6.8999999999999995,7.0,7.8,3.6,3.8524765431640136,7074.19407495707,74.506,81.34269353,12.8,3_Alert,2
Russian Federation,2020,76th,72.55858319621083,8.0,8.1,8.299999999999999,4.9,5.3,3.4585831962108546,8.299999999999999,3.3000000000000003,8.799999999999999,4.1000000000000005,4.9,5.1000000000000005,10108.3271484375,71.3387804878049,84.99466978,4.6,3_Alert,2
Benin,2020,77th,72.54479808532312,5.6000000000000005,6.7,2.9,6.475503200972419,8.152087133266356,6.8,4.8999999999999995,8.20857793791345,4.617876543965191,7.612771948783275,4.8,5.777981320422433,1200.19426557789,60.154,22.12059975,50.4,3_Alert,2
Azerbaijan,2020,78th,71.28215920806875,5.938549971908307,7.9,5.6000000000000005,4.352511675852315,5.2,4.291097560308109,9.1,4.5,8.0,3.7,6.8,5.9,4229.91064904503,70.312,84.59999573,15.6,3_Alert,2
"Micronesia, Fed. Sts.",2020,79th,71.23563007855653,4.0,5.6,3.7,7.8999999999999995,7.4,9.299999999999999,4.6000000000000005,5.640305681759539,3.545324396796988,6.0,3.6,9.95,3362.02802120524,65.878,39.38330078,23.0,3_Alert,2
Morocco,2020,80th,71.22105197870692,5.2143071702518835,6.6,8.8,5.17168670131114,5.1000000000000005,7.6000000000000005,6.830895471937364,4.604162635206544,5.9,4.3,5.6000000000000005,5.5,3268.0302734375,73.133,84.12036305,17.1,3_Alert,2
Georgia,2020,80th,71.15229518395927,5.9,9.1,7.6,5.3,4.6000000000000005,5.2,8.5,3.4000000000000004,5.1,2.952295183959258,6.6000000000000005,6.9,4300.85701291207,73.509,72.53157487,8.0,3_Alert,2
Thailand,2020,82nd,70.81357974524154,8.1,9.682,7.6000000000000005,3.3000000000000003,4.6000000000000005,4.4,7.60786788997722,3.523711855264308,7.8,5.9,5.4,2.9000000000000004,6985.64393892574,77.331,77.84374066,8.7,3_Alert,2
Sao Tome and Principe,2020,83rd,70.28190046461518,5.0,6.3,4.2,7.8999999999999995,5.703499675649326,8.2,4.7,5.6,2.9566284901668825,6.3936537885895905,5.1,8.228118510209384,2167.22001796925,67.979,51.55469894,10.8,3_Alert,2
Bosnia and Herzegovina,2020,84th,70.22040622293711,5.313132801851399,8.7,6.9,5.9,4.4,6.2,6.4985330867812685,3.3087403343044377,5.1,3.1,6.9,7.8999999999999995,6130.31187968266,76.04,73.21175294,5.8,3_Alert,2
South Africa,2020,85th,70.1072430706828,6.719999693225616,6.6,6.199999999999999,7.507130193326294,6.800000000000001,5.2,6.2,6.4,3.9000000000000004,6.572575413689942,4.5,3.50753777044095,5580.60383075189,65.15,72.1128006,24.5,3_Alert,2
China,2020,86th,69.85878789983346,5.799054614193441,7.2,7.3999999999999995,3.9000000000000004,6.4,4.3,8.759733285640008,4.8,9.3,5.6000000000000005,4.0,2.4000000000000004,10627.4637989619,78.019,70.05275998,5.5,4_HighWarning,3
Fiji,2020,86th,69.85212211648623,6.8,7.9,6.0,5.6000000000000005,5.4,7.8999999999999995,6.0,4.1000000000000005,6.0,4.076567812123965,2.9,7.1755543043622705,4620.6457238014,66.924,68.62560272,21.6,4_HighWarning,3
Bhutan,2020,88th,69.50902262964706,3.6,7.5,8.8,5.009022629647046,5.0,6.6000000000000005,3.4000000000000004,5.2,5.7,5.2,6.1,7.4,3191.66906999331,72.253,76.85079956,16.9,4_HighWarning,3
Ecuador,2020,89th,69.40303455188986,6.203034551889856,8.2,6.4,5.4,6.1000000000000005,4.9,6.0,5.6000000000000005,3.9000000000000004,5.4,5.9,5.4,5463.64515348598,72.004,70.7,11.5,4_HighWarning,3
Gabon,2020,90th,69.08700133545015,5.1,8.295,2.9000000000000004,5.6928688975419295,5.6000000000000005,5.5,7.82653791037077,6.0,7.218923585857606,6.553670941679855,3.6,4.8,6605.80346077565,67.073,63.91790009,28.8,4_HighWarning,3
Turkmenistan,2020,90th,69.05814193586684,5.4,7.8,5.7,5.0,6.1000000000000005,4.8,9.707488741226129,4.7,8.6,4.850653194640705,3.1999999999999997,3.2,5972.72356566861,68.846,70.67685089,33.4,4_HighWarning,3
Ukraine,2020,92nd,69.00704175599185,6.977216185769678,8.0,5.8,6.2,3.3000000000000003,5.503775926525209,7.1,4.026049643696965,6.3,3.3000000000000003,4.4,8.1,3709.76928710938,73.283,75.03790912,8.2,4_HighWarning,3
El Salvador,2020,93rd,68.89464371164277,7.118394095546451,4.3,5.8,5.1343279791691385,5.5,8.469942704366812,4.071053885814091,5.7009250467462955,5.4,6.7,5.3,5.3999999999999995,3997.19279583709,70.244,54.60136976,10.2,4_HighWarning,3
Saudi Arabia,2020,94th,68.80000000000001,6.0,8.5,8.700000000000001,3.9000000000000004,4.7,3.6,8.1,2.9000000000000004,8.9,4.4,4.1000000000000005,5.0,24338.8307301067,77.596,97.8623325,5.4,4_HighWarning,3
Tunisia,2020,95th,68.12591302617336,7.4,7.8,6.8,7.2,4.6000000000000005,5.9,6.2,4.014628528518518,5.6000000000000005,3.311284497654845,3.8,5.5,3548.65363663803,75.004,68.55639648,13.5,4_HighWarning,3
Indonesia,2020,96th,67.84550475118697,6.074811132157132,7.1,7.3999999999999995,4.2,4.9,6.6000000000000005,4.2,5.0706936190298215,6.7,6.8,4.5,4.3,3853.70288774146,68.817,53.72649449,17.7,4_HighWarning,3
Peru,2020,97th,67.62810848276709,6.428108482767096,7.4,8.3,3.3000000000000003,6.5,6.5,7.1,6.3999999999999995,3.4000000000000004,5.9,3.8,2.6,6133.32552410183,73.832,65.25179796,12.2,4_HighWarning,3
Mexico,2020,98th,67.19999999999999,8.8,5.4,6.3,4.2,5.0,5.0,5.6000000000000005,5.9,6.0,5.2,4.8999999999999995,4.9,8841.27075039868,70.449,71.49017499,13.4,4_HighWarning,3
Maldives,2020,99th,66.2,5.8,8.1,3.9000000000000004,5.0,2.7,5.9,7.800000000000001,4.9,7.4,5.1000000000000005,4.0,5.6000000000000005,7393.8886543933,78.713,79.09780121,6.0,4_HighWarning,3
Serbia,2020,100th,66.11626143786188,4.8,8.0,7.4,5.9,3.972792879607201,5.6,5.2,3.443468558254674,3.8,3.4000000000000004,7.7,6.8999999999999995,8098.70955668849,74.4780487804878,78.36804864,4.7,4_HighWarning,3
Moldova,2020,101st,65.97954327737929,5.373892370374437,8.3,6.7,5.5,3.9000000000000004,7.0,6.0,4.7060704179532,4.799580489051664,3.9000000000000004,3.3,6.5,4375.7788930524,69.914,74.11830139,14.3,4_HighWarning,3
Guyana,2020,101st,65.95105985340093,6.798281028476842,5.1,6.4,5.5,4.8,8.5,4.5,5.422140575331912,3.2306382495921824,5.3,3.6,6.8,6775.70939096303,67.751,62.95399857,26.3,4_HighWarning,3
Belarus,2020,103rd,65.75186010132514,5.451860101325138,8.3,6.2,4.9,4.0,3.6999999999999997,8.5,3.3000000000000003,7.4,4.6000000000000005,2.7,6.7,6542.85579976768,72.1385609756098,85.08791245,2.2,4_HighWarning,3
Paraguay,2020,104th,65.17819421791758,6.242424227358593,7.8,4.9,4.6000000000000005,7.0,5.3,6.5,5.3,5.4,5.0,3.0,4.135769990558996,5365.47220721104,72.72,73.95751114,16.5,4_HighWarning,3
Namibia,2020,105th,65.09591525499161,5.0844581725986,3.5,4.9,6.933347397957134,7.6000000000000005,6.5,2.969021820413545,7.1,2.9000000000000004,7.909087864022327,4.2,5.5,3878.58982993966,64.071,57.8608017,41.6,4_HighWarning,3
Cabo Verde,2020,106th,64.7781708998417,5.081616016601003,5.5,3.2,5.715177945683388,6.0,7.8,4.4,5.1000000000000005,3.1,6.3,3.9,8.681376937557301,3539.22661248299,73.818,69.37339783,12.5,4_HighWarning,3
Dominican Republic,2020,107th,64.35620204936144,6.4215937795454145,6.2,4.9,4.6000000000000005,5.006442402871775,6.528165866944247,6.3,6.0,5.0,6.2,2.7,4.5,7135.22273255899,72.636,81.61730194,30.4,4_HighWarning,3
Armenia,2020,108th,64.2,5.2,7.0,5.0,6.2,3.6,6.5,6.6,3.3,6.3,2.379616723573357,6.1000000000000005,6.0,4268.68093304583,73.3756097560976,76.50770055,10.2,4_HighWarning,3
Ghana,2020,108th,64.15816913182405,4.8999999999999995,4.9,3.5,5.4,5.970653455759196,7.5,3.3000000000000003,6.9,4.7,6.787515676064867,4.3,6.0,2195.45481659987,64.309,62.51760101,31.7,4_HighWarning,3
Bahrain,2020,110th,63.88791153504606,6.165129158119498,7.6,9.3,3.720265791589136,4.3,3.1,8.334304223095366,2.017870561016116,8.7,3.550341801225944,2.0,5.1,24342.8444554718,78.683,99.67103159,6.6,4_HighWarning,3
Viet Nam,2020,110th,63.885397212926094,4.210822322932687,6.9,5.5,4.0,3.9000000000000004,5.6000000000000005,8.323292196319452,3.8,7.651282693673965,5.0,4.4,4.6000000000000005,3534.03953482647,75.383,70.30000012,13.7,4_HighWarning,3
Samoa,2020,112th,63.296648558996196,4.1,5.1,4.2,6.038755757841343,4.0,9.75,4.6000000000000005,4.241955627994779,3.615940035288566,5.199999999999999,2.6,9.849997137871508,4099.59660548583,70.727,70.67685089,13.6,4_HighWarning,3
North Macedonia,2020,113th,62.13086384675053,5.0,7.3,6.3,6.1000000000000005,4.6000000000000005,5.5,5.4,3.8308638467505323,2.9000000000000004,2.2,7.2,5.8,6659.59651070776,74.3951219512195,81.40553811,5.3,4_HighWarning,3
Belize,2020,114th,60.79466738189765,7.097421041900278,4.3,4.3999999999999995,6.0,4.5,6.0,4.3,5.0,5.442876265342244,4.0,2.8,6.954370074655136,5238.54078175696,71.58,64.43589783,11.1,4_HighWarning,3
Suriname,2020,115th,60.12230683109472,4.3,5.8,6.1,6.7,5.6000000000000005,5.9,4.1000000000000005,4.7,4.0,4.8,2.8,5.322306831094723,4755.39221710693,72.321,70.67685089,16.6,4_HighWarning,3
Jamaica,2020,116th,60.02494703870308,6.8794289790388845,3.7,2.5,6.2,4.2,8.9,3.9000000000000004,6.24699581612421,5.51342438462636,4.1000000000000005,2.9,4.9850978589136234,5299.04530804283,71.452,76.38400269,17.2,4_HighWarning,3
Kazakhstan,2020,117th,59.770101356315976,4.3,7.6,8.219123517238426,5.3,3.3000000000000003,3.9,8.450977839077554,3.1,6.4,3.6,2.3,3.3000000000000003,8781.50797787648,71.195,85.94259898,8.0,5_Warning,4
Cuba,2020,118th,59.227756982641615,4.3,7.0,3.1,4.3,4.5,5.233029847501799,7.2,3.794727135139823,6.4,5.0,3.1,5.3,9605.27914559614,77.407,71.11907507,5.7,5_Warning,4
Albania,2020,119th,58.75381081040027,5.072585756196846,6.2,4.3999999999999995,5.773246397638608,2.7,8.1,5.8,3.8727376414843686,3.9000000000000004,3.6,2.935241015080445,6.4,6027.91350716348,77.824,72.23767711,8.1,5_Warning,4
Malaysia,2020,120th,57.561895525091394,5.6618955250913965,6.8,5.7,2.8000000000000003,4.2,4.8,6.6000000000000005,3.3000000000000003,7.1000000000000005,4.4,3.3,2.9000000000000004,9957.52626697613,76.057,89.55501192,6.8,5_Warning,4
Botswana,2020,121st,57.07123296987986,3.655584307127193,3.3,4.0,5.5,6.9,5.2,2.4000000000000004,6.8,4.879165162835639,7.636483499917027,3.6,3.2,6323.2974967659,67.643,51.67819977,36.5,5_Warning,4
Brunei Darussalam,2020,122nd,56.60002751710281,4.5,7.4,6.2,3.330551364600619,7.5,4.1000000000000005,7.4,1.5694761525021945,7.199999999999999,2.8000000000000003,1.3,3.3,26834.3592233943,75.114,96.30549622,8.9,5_Warning,4
Cyprus,2020,123rd,56.05796495249495,3.8,7.9,5.4,5.1000000000000005,5.0,3.8,3.9000000000000004,2.3058409219701064,2.852124030524842,2.9000000000000004,5.0,8.1,28130.341796875,81.23,90.80194644,2.7,5_Warning,4
Montenegro,2020,124th,55.46679468409825,4.8999999999999995,6.5,9.0,5.0,1.5370531926225364,4.3999999999999995,4.075656991970947,3.362947338053411,3.691137161451357,1.9000000000000001,3.7,7.3999999999999995,7538.53635992191,75.9317073170732,77.60879306,2.4,5_Warning,4
Grenada,2020,125th,55.24684546356435,5.0909139713931175,5.6,3.6,5.3,4.6,7.755931492171244,4.6000000000000005,3.3000000000000003,2.4000000000000004,3.9000000000000004,2.3,6.8,8968.55890108484,75.019,65.65380096,17.0,5_Warning,4
Seychelles,2020,126th,54.6754977355289,5.747338084918949,6.0,4.2,3.6,5.6,5.622563088021256,4.6000000000000005,2.24941083572678,3.8561857268619093,4.2,2.3,6.7,14041.4754074575,77.2365853658537,79.25170135,13.6,5_Warning,4
Greece,2020,127th,52.14869722028766,4.248697220287658,4.1,4.5,5.2,2.6,3.5999999999999996,5.8,3.5,3.0,3.4,5.8,6.3999999999999995,17886.733165236,81.2878048780488,78.11584474,3.4,5_Warning,4
Antigua and Barbuda,2020,127th,52.06235185360498,5.7,3.7,3.6,4.8,4.2,6.162351853604967,4.5,3.4000000000000004,4.2,4.0,2.6,5.2,15369.6082250401,77.161,71.36840057,7.8,5_Warning,4
Trinidad and Tobago,2020,129th,51.9451410707907,6.588957495528617,5.6,3.3000000000000003,4.0,4.7,7.5,3.6,3.533283203978929,3.522900371283149,3.6,2.5999999999999996,3.4,15283.6270531554,72.645,77.28130341,18.8,5_Warning,4
Mongolia,2020,129th,51.93521252189043,3.215392633825828,5.5,2.9000000000000004,4.5,5.5,3.9624470714356135,3.8,4.720149372556243,3.967776260993986,4.669447183078759,2.3,6.9,4001.25193077703,71.3490243902439,62.50002848,12.2,5_Warning,4
Kuwait,2020,131st,50.899274182096256,3.3000000000000003,7.5,3.8,2.4,3.9,3.3000000000000003,7.2647389017960835,1.8178566503395215,7.0,4.1000000000000005,2.6166786299606595,3.9000000000000004,25236.0755848941,78.7609756097561,99.10587017,7.6,5_Warning,4
"Bahamas, The",2020,132nd,49.86859355975667,5.2,4.5,3.2,3.9000000000000004,4.2,4.06859355975667,2.7,4.3,4.3,6.8,2.7,4.0,26178.7537607708,72.994,92.4437027,11.9,6_Stable,5
Bulgaria,2020,133rd,49.17165481543572,4.6,5.3,4.51611162568825,4.9,3.5,4.5,3.6,3.5,2.955543189747475,3.2,4.0,4.6,10760.211975413,73.3560975609756,70.16248359,5.3,6_Stable,5
Oman,2020,134th,47.99116056937856,3.3000000000000003,6.6,1.9999999999999998,4.199999999999999,3.9000000000000004,2.2,6.9122379051207,2.682714517277864,7.2,3.996208146979987,1.8,3.1999999999999997,16784.8630630058,77.763,95.23229321,8.6,6_Stable,5
Hungary,2020,135th,47.62085657690617,2.5738140189769276,5.3,3.9000000000000004,4.5,2.9000000000000004,3.883504694173115,6.1000000000000005,2.4446404840578677,5.0,1.2515993931622165,5.6000000000000005,4.1672979865360436,16386.9308821258,75.419512195122,84.77115202,3.4,6_Stable,5
Romania,2020,136th,46.65460149468231,2.401909752989619,5.7,5.9,4.1000000000000005,3.3000000000000003,4.909004324322407,5.3,3.2691941359262167,3.274493281444065,2.3000000000000003,2.3,3.9,13009.1770573223,74.2536585365854,78.45526895,5.4,6_Stable,5
Barbados,2020,137th,46.40725753500914,4.653168549381493,4.2,3.2,5.4,4.3,5.6,1.5999999999999999,2.490510099279291,3.363578886348347,4.3,1.6,5.7,19194.4919736739,76.647,69.89009857,10.2,6_Stable,5
Croatia,2020,138th,46.094521183346394,2.9301260473333772,4.4,4.9,5.0,2.4000000000000004,5.2,2.245160105788216,2.635809129120074,2.9000000000000004,2.6,6.1000000000000005,4.78342590110473,14807.5608543265,77.5243902439024,78.32090004,4.0,6_Stable,5
Argentina,2020,138th,46.087950434265025,5.2,2.8,4.1000000000000005,5.4,4.9,2.9401200249243367,3.9000000000000004,3.3478304093406908,3.6,3.3000000000000003,2.0,4.6,8535.59938004389,75.878,85.51438646,8.7,6_Stable,5
Panama,2020,140th,45.98191488845223,5.5,2.2,5.578636093788422,2.73776182137433,6.3,4.3,2.8649818861158307,4.4279602431542,3.5,3.8,2.5,2.272574844019439,13290.5608397749,76.33,64.82430267,12.2,6_Stable,5
Qatar,2020,141st,43.73987834909789,1.7,5.0,3.7,1.2,4.6,1.8,6.354599815203109,1.385278533894788,6.1000000000000005,2.9000000000000004,1.7,7.3,51683.5681078949,80.409,99.65284913,5.2,6_Stable,5
Chile,2020,142nd,42.51352691171396,4.1,2.2,3.1,3.559127813091611,5.4,3.54831371628817,5.7,3.5,3.9,4.4,1.9,1.2060853823341753,13114.815470545,79.349,87.45929718,5.8,6_Stable,5
Italy,2020,143rd,42.35313024887805,5.3999999999999995,4.9,4.6000000000000005,4.9,2.0358893891712877,2.3,3.1,2.717240859706761,1.0999999999999999,3.2,5.0,3.0999999999999996,32091.4866621366,82.1951219512195,70.48342785,2.5,6_Stable,5
Latvia,2020,144th,42.31122746144478,2.851488984676797,4.3,8.625858592796266,3.2,3.2,5.3999999999999995,2.5,2.433879883971718,2.7,1.9999999999999998,2.1,3.0,17564.2321549354,75.1853658536585,88.89796078,3.1,6_Stable,5
Poland,2020,145th,41.028733918699864,2.6999999999999997,4.2,5.9,3.5,2.1,4.62425044149712,4.199999999999999,2.0044834772027382,3.9000000000000004,2.1,2.7,3.1,16150.9304813473,76.4,83.18488715,3.8,6_Stable,5
Spain,2020,146th,40.35163335620069,3.6999999999999997,6.9,6.3999999999999995,4.3,2.6,1.0591953071419833,7.2,1.9150287798347003,0.9127190272343169,1.5,1.9,1.9646902419896923,27233.9426461608,82.2317073170732,93.20564892,2.6,6_Stable,5
Costa Rica,2020,147th,40.184017849675776,3.832739194810456,3.8,3.3000000000000003,4.626506051591356,4.4,3.8,1.5,3.226130561930675,1.2032561247959783,2.511413985203046,3.4,4.583971931344263,12394.0493969492,79.725,80.53018608,8.1,6_Stable,5
Estonia,2020,148th,38.52345451018706,2.5519643791326163,5.9,7.671490131054446,2.8000000000000003,2.3000000000000003,4.6,1.8,1.9999999999999998,1.4,1.9000000000000001,2.2,3.4000000000000004,23933.9939421065,78.5951219512195,89.05828666,1.8,7_MoreStable,6
United States,2020,149th,38.27275827818653,3.8,6.8,6.199999999999999,1.8411201472953003,3.4000000000000004,1.8185088605793238,2.9,1.2131292703119094,3.9,3.0,2.1,1.3,63515.9491807833,76.9804878048781,90.34470367,5.5,7_MoreStable,6
United Kingdom,2020,149th,38.260475361020404,3.8,5.8,6.4,4.4,3.7,2.4995340205209047,2.9,1.6062945821150745,1.8,1.6209380373460949,1.7337087210383308,2.0,40812.6794663879,80.331756097561,94.81820132,3.9,7_MoreStable,6
Slovak Republic,2020,151st,38.22181460375541,1.5326605093420147,5.0,6.0,3.7,2.6,4.026438092545177,4.1000000000000005,2.1367614254366787,2.4259545764315424,1.4,2.9,2.4000000000000004,19735.4858280801,76.8658536585366,89.92090413,5.0,7_MoreStable,6
United Arab Emirates,2020,152nd,38.099225116036195,2.8000000000000003,3.6,2.5,1.9000000000000001,2.8,2.2,6.524939480111084,1.374285635925109,7.3,3.1,1.9,2.1,37991.7492971665,81.936,100.0,4.7,7_MoreStable,6
Mauritius,2020,153rd,37.18472003299283,1.5039479205735793,3.2,4.1,4.2,2.6,4.26089737788501,2.1,2.7128088227656093,3.8355853450287665,2.871480566739865,2.0,3.8,9135.84773751062,74.1770731707317,67.73290684,14.1,7_MoreStable,6
Lithuania,2020,154th,36.47089084336904,3.0999999999999996,3.0,3.5975439132259592,3.6,3.9000000000000004,4.8999999999999995,1.8,2.673346930143076,2.4000000000000004,1.9000000000000001,1.9,3.7,20428.6478157394,75.0292682926829,83.05554724,3.1,7_MoreStable,6
Czechia,2020,155th,35.74161611006048,2.9000000000000004,5.3,4.8999999999999995,3.7,1.8,3.26694540142059,4.4,1.74262486368676,2.090138975819589,0.9419068691335468,2.9000000000000004,1.8,23472.8915454417,78.2268292682927,81.33889705,2.4,7_MoreStable,6
Malta,2020,156th,33.593645802064856,2.7,2.0,3.0,3.4000000000000004,1.7,3.824204610299546,3.4,1.4227660588297515,3.100837778857045,2.5458373540785164,3.7,2.8,31823.4363934505,82.0975609756098,86.85876183,5.2,7_MoreStable,6
Uruguay,2020,157th,33.405777354578404,4.50319973927738,2.7,2.11816495317857,3.7308048523671133,3.0,3.8686416480789885,0.4846367778425753,2.757466696583698,2.6547258370361684,2.9000000000000004,2.2,2.488136850213915,15757.5355995779,78.381,85.47100067,6.1,7_MoreStable,6
Japan,2020,158th,32.332289117028274,1.9000000000000001,2.6,2.8000000000000003,3.300527607178117,1.4,3.0506762058487817,0.6009723264075552,1.3451040076078917,3.2350089699859352,5.7,3.5,2.9000000000000004,40028.7341726762,84.56,90.21945812,1.8,7_MoreStable,6
"Korea, Rep.",2020,159th,32.01527342958986,2.4,3.9,2.4000000000000004,1.7080754291752975,2.1,3.5950614471417763,3.3000000000000003,1.2430759640761129,3.0690605891966767,1.9999999999999998,1.6,4.7,33645.7719545073,83.4268292682927,96.50506052,2.5,7_MoreStable,6
France,2020,160th,30.481111070323838,3.8,1.9,6.7,3.4000000000000004,3.1,2.165041634039119,1.2,1.2954740630758264,1.3205953732088913,1.9000000000000001,2.5,1.2,39169.8606000707,82.1756097560976,84.70639801,3.3,7_MoreStable,6
Belgium,2020,161st,27.098144674784415,2.9,4.4,4.4,3.9000000000000004,1.8,2.3,1.0999999999999999,1.4771279791120802,0.7,1.5172356664265179,2.0,0.6037810292458156,45906.2875805246,80.6951219512195,91.52641629,3.2,8_Sustainable,7
Singapore,2020,162nd,26.3261946557654,1.0,4.0,1.7,1.0999999999999999,2.9000000000000004,2.4000000000000004,3.8447494519011287,1.0,4.335344653926388,2.046100549937882,1.0,1.0,61410.0792630788,83.5439024390244,92.00434653,2.0,8_Sustainable,7
Slovenia,2020,163rd,25.84648022438141,0.7105728789142898,2.0,3.9000000000000004,2.9000000000000004,2.5,3.591275613508527,1.8,1.3775406496629232,1.1670910822956722,1.4,3.1,1.4,25392.0651093612,80.5317073170732,86.60130109,1.9,8_Sustainable,7
Austria,2020,164th,24.108703082430992,1.9000000000000001,3.2,4.2,1.3,1.9999999999999998,1.5701774940969413,0.8,1.3385255883340474,0.6000000000000001,1.9,4.7,0.6000000000000001,48716.4098900349,81.1926829268293,87.52942813,2.9,8_Sustainable,7
Portugal,2020,165th,23.51466331089092,0.7,2.5,1.5999999999999999,4.0,1.670241987450679,2.5,0.8197920437077559,1.9000000000000001,0.8999999999999999,1.8,1.924629279732489,3.1999999999999997,22299.4044062173,81.3292682926829,78.26166044,2.8,8_Sustainable,7
Germany,2020,166th,23.188488518886743,2.5999999999999996,2.6,4.3,1.3,2.1,2.0743922244910284,0.5,0.9689400841604348,0.845156210235277,1.0999999999999999,4.3,0.5,47394.8734504469,81.0414634146342,89.81294133,3.1,8_Sustainable,7
Netherlands,2020,167th,22.859835187501513,2.4,3.4,3.9000000000000004,1.8244095707007255,1.3,2.450243372728122,0.7,0.7848544712076913,0.888005066085088,1.6123227067798904,2.9000000000000004,0.7,53467.9277413737,81.3585365853659,91.33333333,3.5,8_Sustainable,7
Ireland,2020,168th,19.93941688089731,3.0,1.5,0.7,2.5,1.3145550589233423,3.0999999999999996,0.45019886181368096,1.4413539224343475,1.8284377265286156,1.7254043861377308,1.1,1.2794669250595914,86514.0706108754,82.4560975609756,91.99989097,3.1,9_VerySustainable,8
Australia,2020,169th,19.746408857575208,3.0,1.7,3.4,1.3,1.546408857575207,0.7,0.7,1.8,1.4,1.9,1.8,0.5,51983.4523666382,83.2,94.6934967,3.2,9_VerySustainable,8
Luxembourg,2020,170th,18.84924040750671,1.0,3.4,2.4000000000000004,1.5,1.1358022791547655,1.6176576524219293,0.5,1.4,1.2458651089925077,1.349915366937506,2.8,0.5,116860.02817236,82.1439024390244,98.45962893,2.0,9_VerySustainable,8
Canada,2020,171st,18.668898507980952,3.0999999999999996,2.5,2.5,1.2450881310448745,1.8,1.4,0.5,0.8382358905311796,1.3855744864048962,1.0,1.9,0.5,43537.839298904,81.53,92.3,4.5,9_VerySustainable,8
Sweden,2020,172nd,18.209201949895153,3.0,1.8,1.4,1.5069038633065301,1.2,0.8409915356545155,0.5,0.8613065509341082,0.6000000000000001,1.3,4.6000000000000005,0.6000000000000001,52568.5726980146,82.3560975609756,94.53943122,2.1,9_VerySustainable,8
New Zealand,2020,173rd,17.879896291384675,1.5,1.4,2.9000000000000004,2.9000000000000004,1.5999999999999999,1.9999999999999998,0.5,0.8798962913846734,0.5,1.4,1.7,0.6000000000000001,41997.7830324279,82.2560975609756,90.92099762,4.3,9_VerySustainable,8
Iceland,2020,174th,17.799999999999997,1.0,1.8,0.7,2.8000000000000003,1.0,2.2,0.7,0.7,0.7,1.0,1.7,3.5,60127.9393575616,83.0634146341463,99.5327519,2.1,9_VerySustainable,8
Denmark,2020,175th,17.213586679528063,1.6,1.4,4.0,1.3,0.8999999999999999,1.5999999999999999,0.6000000000000001,0.9135866795280652,1.4,1.3,1.7,0.5,60985.4885601514,81.6024390243903,96.54914573,3.3,9_VerySustainable,8
Switzerland,2020,176th,17.094085702623488,1.4000000000000001,1.0,3.0,1.5999999999999999,1.5,1.4,0.5,1.0524990146414512,1.0999999999999999,1.2415866879820388,2.8,0.5,85897.7843338323,83.0,94.34999847,3.5,9_VerySustainable,8
Norway,2020,177th,16.19121048702654,1.8,1.1,3.5999999999999996,1.6912104870265408,0.7,1.0,0.5,1.1,0.6000000000000001,0.8999999999999999,2.5,0.7,68340.0181033702,83.209756097561,94.60755647,2.0,9_VerySustainable,8
Finland,2020,178th,14.626666190916625,2.8,1.4,0.8999999999999999,2.6,0.5,1.7,0.6000000000000001,0.6266661909166267,0.5,0.7,1.6,0.7,48828.6846862799,81.9317073170732,92.17027106,1.9,9_VerySustainable,8
"Yemen, Rep.",2021,1st,111.7,9.4,10.0,9.4,9.8,7.7,6.7,9.9,9.8,9.7,9.8,9.8,9.7,5561.19166950397,66.019,70.67685089,36.9,1_VeryHighAlert,0
Somalia,2021,2nd,110.9,9.3,10.0,8.3,9.2,9.5,8.8,9.2,9.8,8.7,10.0,9.2,8.9,5561.19166950397,72.403,70.67685089,13.6,1_VeryHighAlert,0
Syrian Arab Republic,2021,3rd,110.69999999999999,9.6,9.9,9.7,9.6,7.1,8.2,10.0,9.6,9.7,7.6,9.7,10.0,663.614245706815,72.418,70.67685089,19.3,1_VeryHighAlert,0
South Sudan,2021,4th,109.4,9.7,9.2,8.8,9.2,8.9,6.7,9.5,10.0,8.7,9.5,9.9,9.3,5561.19166950397,57.047,70.67685089,71.9,1_VeryHighAlert,0
"Congo, Dem. Rep.",2021,5th,108.39999999999999,8.6,9.5,9.4,8.5,8.5,6.8,9.2,9.8,9.2,9.8,10.0,9.1,595.743074403567,60.044,16.1595993,57.6,1_VeryHighAlert,0
Central African Republic,2021,6th,107.0,8.0,9.7,8.1,8.5,9.6,6.6,9.0,10.0,9.3,8.9,9.7,9.6,492.263142830507,40.279,70.67685089,96.3,1_VeryHighAlert,0
Chad,2021,7th,105.8,8.9,9.5,8.0,8.6,8.7,7.9,9.4,9.8,8.2,9.6,9.3,7.9,946.358500208374,53.136,9.653699875,61.3,1_VeryHighAlert,0
Sudan,2021,8th,105.19999999999999,8.1,9.1,9.5,9.1,8.3,7.7,8.8,8.8,8.6,9.1,9.4,8.7,712.122009277344,64.46,70.67685089,41.0,1_VeryHighAlert,0
Afghanistan,2021,9th,102.1,10.0,8.6,7.2,9.2,8.1,7.0,8.7,9.8,7.4,9.0,8.8,8.3,356.496214115892,60.417,16.51429939,53.2,1_VeryHighAlert,0
Zimbabwe,2021,10th,99.10000000000001,8.6,10.0,6.1,9.4,7.7,7.1,8.8,9.0,8.0,9.3,8.2,6.9,2613.60542083552,60.135,32.5923996,59.8,1_VeryHighAlert,0
Ethiopia,2021,11th,99.00000000000001,8.4,9.2,9.5,5.9,6.7,6.6,8.8,8.9,8.4,9.4,9.1,8.1,893.00983544905,65.33,16.6981031,49.9,1_VeryHighAlert,0
Nigeria,2021,12th,98.0,8.8,9.6,8.8,8.6,7.7,6.5,8.4,9.3,8.7,9.3,6.6,5.7,2787.48779224428,53.455,35.50979996,69.9,1_VeryHighAlert,0
Haiti,2021,13th,97.49999999999999,6.6,9.6,5.3,8.9,9.2,8.1,8.8,9.6,7.1,8.2,7.1,9.0,1841.33189337222,62.613,43.37919998,42.5,1_VeryHighAlert,0
Guinea,2021,14th,97.39999999999999,8.0,9.9,9.3,8.2,7.3,6.5,10.0,9.5,6.9,8.6,7.0,6.2,1244.96550477914,59.373,28.61330032,64.4,1_VeryHighAlert,0
Cameroon,2021,15th,97.19999999999999,8.3,9.3,8.7,7.0,7.6,7.1,9.0,8.6,7.5,8.8,8.3,7.0,1672.32657340872,61.146,38.89260101,44.1,1_VeryHighAlert,0
Burundi,2021,16th,97.10000000000001,8.0,8.2,7.3,8.8,7.2,5.6,9.3,7.9,9.2,9.2,8.2,8.2,264.980379269655,62.101,6.777999878,33.5,1_VeryHighAlert,0
Eritrea,2021,17th,97.00000000000001,6.2,8.4,8.3,7.7,8.3,8.6,9.6,8.3,8.9,8.2,7.4,7.1,5561.19166950397,66.94,70.67685089,27.0,1_VeryHighAlert,0
Libya,2021,17th,97.00000000000001,9.6,9.4,7.5,9.6,5.6,5.4,9.9,7.4,9.1,5.9,7.7,9.9,4935.82787349801,72.062,77.438797,8.7,1_VeryHighAlert,0
Mali,2021,19th,96.6,9.6,6.2,8.1,7.5,7.2,7.9,7.5,9.1,7.4,8.7,8.1,9.3,1027.27345365357,59.116,33.95650101,53.3,1_VeryHighAlert,0
Iraq,2021,20th,96.2,7.9,9.6,8.2,6.9,6.1,6.5,8.8,8.9,8.1,8.4,8.3,8.5,4868.49431080783,70.704,65.00219727,22.1,1_VeryHighAlert,0
Niger,2021,21st,95.99999999999999,8.9,9.3,7.5,6.8,7.8,7.0,7.1,9.7,7.1,8.8,8.5,7.5,608.722439593808,59.542,12.45689964,68.7,1_VeryHighAlert,0
Mozambique,2021,22nd,93.89999999999999,7.3,6.6,5.8,8.3,9.2,7.3,7.0,9.9,7.4,9.8,7.7,7.6,509.907829475551,60.268,16.35759926,47.1,1_VeryHighAlert,0
Myanmar,2021,23rd,93.79999999999998,8.9,8.3,9.9,4.8,7.1,6.5,8.1,8.9,9.1,6.3,8.8,7.1,1242.7213439951,65.553,70.67685089,36.0,1_VeryHighAlert,0
Uganda,2021,24th,92.89999999999999,6.9,8.9,7.8,6.2,7.0,6.7,8.4,8.0,7.4,9.2,9.1,7.3,882.791717542504,66.45,10.0,36.4,1_VeryHighAlert,0
"Venezuela, RB",2021,25th,92.60000000000001,7.3,9.3,7.0,9.8,6.7,6.5,9.5,8.9,9.1,6.5,6.3,5.7,2004.93397949792,71.536,74.11219788,21.2,1_VeryHighAlert,0
"Congo, Rep.",2021,26th,92.39999999999999,7.0,6.7,8.4,9.0,8.1,6.8,9.1,8.9,7.8,8.0,6.5,6.1,2516.16255145432,64.192,30.02739906,29.4,1_VeryHighAlert,0
Guinea-Bissau,2021,27th,91.99999999999999,7.7,9.6,4.3,7.6,9.3,6.9,8.9,9.0,6.6,8.6,6.1,7.4,926.780921081233,61.653,23.3519001,45.9,1_VeryHighAlert,0
Cote d'Ivoire,2021,28th,90.69999999999999,7.2,9.6,7.3,6.6,7.7,6.4,7.7,8.4,7.1,8.3,6.6,7.8,2455.98127641148,60.29,35.95069885,48.7,1_VeryHighAlert,0
Pakistan,2021,29th,90.5,7.9,9.0,8.8,7.1,5.3,6.2,7.3,8.0,7.3,7.9,7.5,8.2,1455.31922370186,65.773,70.67685089,53.0,1_VeryHighAlert,0
"Korea, Dem. People's Rep.",2021,30th,89.99999999999999,8.0,8.8,5.2,8.9,7.3,3.8,9.9,8.6,9.4,7.1,3.8,9.2,5561.19166950397,73.437,70.67685089,14.1,2_HighAlert,1
Liberia,2021,31st,89.49999999999999,6.6,8.6,4.6,8.5,7.2,6.9,6.8,9.5,6.7,8.5,7.5,8.1,667.96610514319,61.166,26.38229942,63.5,2_HighAlert,1
Kenya,2021,32nd,89.2,7.4,8.6,8.0,6.4,7.4,6.6,7.6,8.2,6.3,8.3,7.5,6.9,2061.35622089594,61.225,26.96290016,36.0,2_HighAlert,1
Mauritania,2021,33rd,89.10000000000001,6.3,8.8,7.3,7.1,6.4,6.5,7.9,8.7,6.9,8.5,7.9,6.8,1947.78918383313,66.762,35.63660049,33.0,2_HighAlert,1
Lebanon,2021,34th,89.0,7.5,9.6,7.9,9.0,5.4,6.2,7.7,5.8,7.0,5.2,8.8,8.9,4045.37391066234,73.65,82.65599823,13.6,2_HighAlert,1
Angola,2021,34th,89.0,7.2,7.2,8.1,8.4,8.9,6.0,8.2,9.3,6.2,9.0,5.9,4.6,2303.90812662776,62.958,34.55649948,34.4,2_HighAlert,1
Burkina Faso,2021,36th,87.1,9.0,7.8,4.5,7.0,7.8,7.0,5.9,8.7,5.5,8.6,7.2,8.1,895.535288442991,60.046,18.1522007,47.4,2_HighAlert,1
West Bank and Gaza,2021,37th,86.0,6.0,8.9,5.0,7.0,4.9,8.8,8.8,4.2,7.7,8.5,6.2,10.0,3678.63565662194,73.89,70.67685089,12.8,2_HighAlert,1
Togo,2021,38th,85.1,6.4,7.6,6.0,7.2,8.3,6.9,8.2,8.5,6.7,7.5,6.3,5.5,962.075187515872,61.337,30.33839989,38.0,2_HighAlert,1
Bangladesh,2021,39th,85.0,7.0,9.3,8.6,5.5,5.7,7.0,7.4,7.7,7.2,7.1,7.3,5.2,2482.84917843357,71.103,38.91744466,24.5,2_HighAlert,1
"Egypt, Arab Rep.",2021,39th,85.0,7.6,9.1,8.3,7.3,5.1,5.2,8.6,4.7,9.8,6.5,6.1,6.7,3827.35415374308,68.976,72.05599976,22.2,2_HighAlert,1
Rwanda,2021,39th,84.99999999999999,5.8,8.0,9.6,5.8,7.7,6.5,6.8,7.5,6.0,7.5,7.5,6.3,829.544845263697,66.85,24.4416008,30.9,2_HighAlert,1
Zambia,2021,42nd,84.89999999999999,4.5,5.9,5.3,8.8,9.3,6.9,7.5,8.0,7.0,9.4,5.5,6.8,1127.16077872857,62.363,14.82190037,35.6,2_HighAlert,1
"Iran, Islamic Rep.",2021,43rd,84.5,6.9,9.6,9.3,7.6,4.9,5.3,9.2,4.7,9.5,5.5,5.3,6.7,4605.14881318992,73.752,78.5957366,11.4,2_HighAlert,1
Equatorial Guinea,2021,44th,84.10000000000001,5.9,8.2,6.9,6.3,7.9,4.3,9.8,8.7,8.4,8.5,5.0,4.2,6945.63069794539,62.447,58.71730042,52.2,2_HighAlert,1
Sierra Leone,2021,45th,83.4,3.8,7.8,5.6,8.5,7.9,7.4,5.7,8.8,5.0,8.8,7.4,6.7,885.396401885395,60.26,18.65390015,59.9,2_HighAlert,1
Malawi,2021,46th,83.2,4.8,8.4,4.7,7.7,8.0,6.8,7.1,8.2,5.3,9.4,5.4,7.4,617.446994451007,64.782,15.30300045,38.3,2_HighAlert,1
Eswatini,2021,47th,82.5,5.1,6.8,2.2,9.8,8.0,6.4,8.6,7.7,8.2,8.9,4.1,6.7,3984.00229174306,58.228,53.99530029,46.2,2_HighAlert,1
Comoros,2021,47th,82.49999999999999,6.2,8.0,4.2,7.6,7.3,6.8,7.7,8.1,5.8,8.0,6.0,6.8,1554.97289190153,65.201,30.68120003,38.0,2_HighAlert,1
Djibouti,2021,49th,82.39999999999999,5.3,7.3,5.3,6.8,7.3,4.6,8.4,7.4,7.2,7.5,7.1,8.2,3025.91126413549,63.83,61.41120148,47.3,2_HighAlert,1
Philippines,2021,49th,82.39999999999999,9.3,8.0,7.3,5.3,5.2,5.4,7.4,6.8,7.8,7.6,6.3,6.0,3484.38593882819,66.675,66.90779877,22.6,2_HighAlert,1
Nepal,2021,51st,82.2,5.3,8.8,9.4,5.3,5.8,6.2,6.4,7.3,6.5,8.1,7.2,5.9,1252.75076731986,68.385,40.98910141,24.9,2_HighAlert,1
Timor-Leste,2021,52nd,80.9,6.2,8.3,5.3,7.7,6.2,7.0,5.5,7.6,4.2,8.9,5.4,8.6,2684.92676774277,66.199,35.04199982,37.7,2_HighAlert,1
Papua New Guinea,2021,52nd,80.89999999999999,6.7,7.1,5.1,7.0,8.8,6.5,6.0,9.3,6.9,7.6,4.3,5.6,2607.57861874444,64.358,16.55960083,34.1,2_HighAlert,1
Cambodia,2021,54th,80.60000000000001,6.4,8.3,6.1,5.2,6.2,6.6,8.7,8.2,7.7,5.9,4.5,6.8,2167.40324198499,69.301,60.76269913,18.4,2_HighAlert,1
Sri Lanka,2021,55th,80.50000000000001,6.8,9.1,8.6,5.6,5.9,6.7,6.3,4.7,8.2,5.7,7.2,5.7,3996.96240014909,76.278,44.45308724,5.8,2_HighAlert,1
"Gambia, The",2021,55th,80.5,5.7,7.7,2.6,8.2,5.9,7.3,7.2,7.6,7.8,8.4,6.0,6.1,781.890925169531,63.847,41.67309952,35.9,2_HighAlert,1
Turkiye,2021,57th,79.7,7.2,8.8,9.7,5.3,4.7,4.1,7.3,5.4,8.0,5.1,8.4,5.7,9981.76398411336,75.722,81.40843745,8.8,3_Alert,2
Madagascar,2021,58th,79.49999999999999,6.3,7.8,3.3,7.3,9.0,6.1,6.3,8.7,5.8,9.2,4.1,5.6,483.469463351195,62.516,13.74590015,44.4,3_Alert,2
Honduras,2021,59th,79.4,7.0,7.0,5.0,6.4,6.9,6.7,7.1,7.6,7.2,6.1,5.5,6.9,2735.14751503977,69.492,51.95159912,14.0,3_Alert,2
Guatemala,2021,59th,79.4,6.8,7.1,9.4,5.0,7.1,7.1,6.5,7.2,7.2,7.2,4.8,4.0,4912.62240414681,67.858,50.84164945,18.9,3_Alert,2
Solomon Islands,2021,61st,79.30000000000001,5.6,8.2,5.3,7.2,8.0,6.3,5.6,7.9,4.0,7.4,4.4,9.4,2043.44413170658,68.89,26.03790092,17.8,3_Alert,2
Colombia,2021,61st,79.3,6.9,7.6,7.5,6.0,6.4,5.0,5.5,6.6,6.8,8.0,7.6,5.4,6222.62164397614,72.698,73.02837449,11.5,3_Alert,2
Tanzania,2021,61st,79.3,5.2,6.2,4.9,5.8,7.0,7.0,7.5,8.8,6.2,8.6,5.5,6.6,1159.85656738281,66.131,22.87540054,32.1,3_Alert,2
Lesotho,2021,64th,77.9,6.4,7.3,2.7,8.8,8.2,7.5,4.7,7.5,5.1,8.4,4.3,7.0,1066.58645143823,54.209,45.05670166,61.1,3_Alert,2
Nicaragua,2021,65th,77.1,5.8,7.1,5.9,6.0,7.0,7.7,8.6,6.4,7.3,4.8,3.7,6.8,2138.38588469449,70.478,51.62039948,12.5,3_Alert,2
India,2021,66th,76.99999999999999,6.6,7.3,8.2,7.0,6.2,5.5,4.3,7.5,7.7,8.1,4.1,4.5,2239.61384367482,67.282,49.2580986,27.0,3_Alert,2
Jordan,2021,67th,76.8,5.2,6.9,8.6,6.9,4.8,5.1,6.3,5.0,6.8,6.1,8.6,6.5,4183.49998326866,74.204,85.999997,13.0,3_Alert,2
Kyrgyz Republic,2021,68th,76.4,6.2,8.3,8.1,7.1,4.9,6.7,8.0,5.3,6.3,5.5,4.1,5.9,1349.99730650542,71.9,77.11769867,15.3,3_Alert,2
Lao PDR,2021,69th,76.0,4.4,8.3,7.2,5.1,5.3,6.8,9.0,6.6,6.9,6.4,5.1,4.9,2526.05105018529,67.807,62.0,30.5,3_Alert,2
Brazil,2021,70th,75.79999999999998,6.8,6.5,7.7,6.4,7.0,3.9,7.0,7.4,7.4,8.8,3.3,3.6,7972.53696080695,73.038,80.68989314,12.7,3_Alert,2
Azerbaijan,2021,71st,75.10000000000001,6.4,7.9,6.1,4.7,5.1,4.3,9.1,5.5,7.7,4.2,6.9,7.2,5408.04535175023,70.999,85.99998954,14.7,3_Alert,2
Tajikistan,2021,71st,75.1,5.7,8.4,6.7,6.3,4.3,5.6,9.2,4.9,8.5,7.0,3.6,4.9,896.748053372182,69.594,36.70560074,24.7,3_Alert,2
Bolivia,2021,73rd,74.89999999999998,5.9,8.5,5.6,5.9,8.2,6.2,7.0,6.9,5.9,7.1,3.1,4.6,4010.76053686204,61.427,65.9773785,16.4,3_Alert,2
Algeria,2021,74th,73.6,6.0,7.5,7.2,6.8,5.6,5.5,7.8,5.6,6.3,4.8,6.8,3.7,4160.55926736925,75.208,72.21240234,20.2,3_Alert,2
Russian Federation,2021,74th,73.59999999999998,7.7,8.4,8.0,5.2,5.2,3.4,8.5,4.3,8.9,4.6,4.6,4.8,12425.029296875,69.900243902439,88.21384578,4.4,3_Alert,2
Senegal,2021,76th,73.39999999999999,5.1,7.0,5.2,7.3,6.7,7.5,3.6,7.5,4.8,7.1,6.1,5.5,1598.10676952274,66.868,55.04040146,32.5,3_Alert,2
Bosnia and Herzegovina,2021,77th,72.89999999999999,5.0,8.7,6.6,6.4,4.1,6.5,6.2,4.8,4.9,5.1,7.0,7.6,7295.34378682258,74.567,75.67620138,5.7,3_Alert,2
Benin,2021,78th,72.8,5.3,6.7,2.6,6.7,8.2,6.5,5.1,8.5,4.9,7.7,5.1,5.5,1318.65158075198,59.61,28.20470047,49.1,3_Alert,2
Georgia,2021,79th,72.6,5.6,9.1,7.3,5.7,4.4,5.5,8.2,4.4,4.8,4.5,6.3,6.8,5083.60695484577,71.635,76.4427093,7.9,3_Alert,2
Uzbekistan,2021,80th,72.00000000000001,6.2,8.8,6.0,5.4,5.7,5.2,9.3,4.6,7.6,4.8,4.4,4.0,2258.51964119278,71.681,76.59043014,13.9,3_Alert,2
"Micronesia, Fed. Sts.",2021,81st,71.7,3.7,5.6,3.7,8.5,7.1,9.0,4.3,6.7,3.5,6.0,3.6,10.0,3508.22314197664,66.152,70.67685089,22.3,3_Alert,2
El Salvador,2021,82nd,71.6,6.6,4.8,5.5,6.1,5.4,8.4,4.4,6.8,5.5,7.0,5.5,5.6,4642.60743101342,69.941,57.26380157,9.8,3_Alert,2
Sao Tome and Principe,2021,83rd,71.5,4.7,6.3,4.2,8.9,6.2,7.9,4.4,6.4,3.0,6.7,4.9,7.9,2362.58827248102,68.026,54.94950104,10.3,3_Alert,2
Morocco,2021,83rd,71.5,4.9,6.6,8.5,6.2,5.0,7.5,6.8,5.1,5.6,4.8,5.3,5.2,3785.93627929688,73.385,88.13031937,16.5,3_Alert,2
Peru,2021,85th,71.4,6.1,7.4,8.6,4.8,6.4,6.2,7.2,7.4,3.5,7.4,4.1,2.3,6826.20255614477,71.596,71.10782643,11.9,3_Alert,2
Ecuador,2021,86th,71.2,5.9,8.2,6.1,6.3,6.0,4.6,5.7,6.6,4.2,6.9,5.6,5.1,6061.32350181711,72.746,69.1147995,11.3,3_Alert,2
Thailand,2021,87th,70.89999999999999,8.2,9.7,7.3,3.9,4.5,4.1,7.7,4.0,7.9,5.9,5.1,2.6,7057.20754802279,77.606,85.26956666,8.4,3_Alert,2
Fiji,2021,88th,70.4,6.5,7.9,5.7,7.7,5.1,7.6,5.7,4.4,5.7,4.1,2.8,7.2,4536.73312110335,64.904,70.56800079,22.6,3_Alert,2
South Africa,2021,89th,70.0,6.4,6.3,5.9,8.3,6.7,4.9,5.9,6.9,4.2,7.1,4.2,3.2,6828.75624590017,62.01,74.96859741,24.3,3_Alert,2
Mexico,2021,90th,69.89999999999999,8.5,5.4,6.3,5.0,5.3,4.9,5.5,6.9,5.8,6.7,5.0,4.6,10314.0506722115,69.75,75.62650476,13.1,4_HighWarning,3
Armenia,2021,91st,69.8,5.7,7.0,5.3,6.6,3.6,6.8,6.9,3.9,6.0,4.4,6.6,7.0,4685.17997128509,72.2780487804878,78.61225758,9.7,4_HighWarning,3
Ukraine,2021,91st,69.8,6.7,8.0,5.7,6.8,3.2,5.8,6.8,4.5,6.0,4.3,4.2,7.8,4775.94580078125,71.631,79.21829353,8.0,4_HighWarning,3
Saudi Arabia,2021,93rd,69.7,5.7,8.5,9.0,4.3,4.7,3.3,7.8,4.4,8.6,4.9,3.8,4.7,31920.7653655643,77.089,100.0,5.2,4_HighWarning,3
Tunisia,2021,94th,69.19999999999999,7.1,7.5,7.1,7.8,4.5,5.8,5.9,5.0,5.5,4.3,3.5,5.2,3906.93926319391,72.893,68.31552226,12.5,4_HighWarning,3
China,2021,95th,68.89999999999999,5.5,7.2,7.1,3.7,5.9,3.8,8.5,5.3,9.6,5.9,3.7,2.7,12887.4357242941,78.117,73.05323517,5.1,4_HighWarning,3
Bhutan,2021,96th,68.3,3.3,7.5,9.1,5.0,4.7,6.1,3.1,6.2,5.2,5.2,5.8,7.1,3570.61257980872,72.448,85.63688389,15.9,4_HighWarning,3
Turkmenistan,2021,97th,68.20000000000002,5.1,7.8,5.6,4.9,6.0,4.5,9.8,4.7,8.6,5.4,2.9,2.9,5723.30227157906,69.353,70.67685089,32.7,4_HighWarning,3
Belarus,2021,98th,67.99999999999999,5.6,8.8,5.9,5.1,3.7,4.1,9.0,3.3,7.9,5.1,2.4,7.1,7489.71894713888,72.0714634146342,86.88841196,2.1,4_HighWarning,3
Indonesia,2021,99th,67.6,5.8,7.1,7.1,4.3,4.8,6.3,4.4,6.1,6.4,6.8,4.2,4.3,4287.17313995098,67.452,62.10447842,17.0,4_HighWarning,3
Maldives,2021,99th,67.6,5.5,8.1,4.0,6.5,2.8,5.6,7.5,5.4,7.5,5.4,3.7,5.6,10176.143882547,78.052,81.95760345,5.6,4_HighWarning,3
Serbia,2021,101st,67.4,4.5,8.3,7.1,6.1,4.3,5.9,5.5,3.9,3.5,3.9,7.4,7.0,9680.52798074468,72.780487804878,81.16588116,4.6,4_HighWarning,3
Gabon,2021,101st,67.4,4.8,8.0,2.6,5.9,5.7,5.2,7.5,6.5,6.7,6.7,3.3,4.5,8181.40914134656,67.072,65.76809692,28.5,4_HighWarning,3
Moldova,2021,103rd,67.0,5.1,8.3,6.4,5.9,3.8,7.5,5.7,5.2,4.5,5.4,3.0,6.2,5274.60582195352,68.991,74.91899872,14.5,4_HighWarning,3
Bahrain,2021,104th,66.7,5.9,7.6,9.6,4.1,5.3,3.0,8.0,3.5,8.6,4.1,1.7,5.3,27147.8083882286,78.083,100.0,6.8,4_HighWarning,3
Paraguay,2021,105th,66.4,6.3,7.8,4.6,4.9,7.1,5.0,6.6,6.3,5.5,5.5,3.0,3.8,5976.93179789949,68.108,77.01838621,16.0,4_HighWarning,3
Guyana,2021,106th,66.1,7.1,5.1,6.5,4.5,4.7,8.2,4.6,6.4,3.3,5.8,3.4,6.5,9860.87014834386,64.323,71.65090179,25.5,4_HighWarning,3
Dominican Republic,2021,107th,64.7,6.1,6.2,4.6,5.1,4.9,6.6,6.0,7.0,4.7,6.7,2.6,4.2,8527.0754858205,71.757,85.24298638,29.8,4_HighWarning,3
North Macedonia,2021,108th,64.5,4.7,7.3,6.0,6.5,4.5,6.0,5.1,4.8,3.0,4.2,6.9,5.5,7620.80296977508,73.2463414634146,81.873703,4.4,4_HighWarning,3
Namibia,2021,109th,64.30000000000001,4.8,3.5,4.6,7.4,7.4,6.2,3.0,7.4,2.6,8.1,4.1,5.2,4412.8355693052,60.85,60.25999832,40.4,4_HighWarning,3
Samoa,2021,110th,64.2,3.8,5.1,4.5,6.5,3.7,9.9,4.3,4.8,3.6,5.2,2.9,9.9,4021.55934894283,71.096,70.67685089,13.3,4_HighWarning,3
Cabo Verde,2021,110th,64.2,4.8,5.5,2.9,6.5,5.5,7.7,4.1,5.6,2.8,6.8,3.6,8.4,3971.44409203423,74.424,70.28250122,12.0,4_HighWarning,3
Belize,2021,110th,64.2,7.4,4.3,4.7,7.7,4.2,5.7,4.0,6.0,5.4,5.0,3.1,6.7,6142.98930557031,70.917,70.65370178,11.0,4_HighWarning,3
Ghana,2021,113th,63.900000000000006,4.6,5.4,3.2,5.5,6.4,7.2,3.2,7.4,4.4,6.9,4.0,5.7,2445.18662529344,64.286,68.6,30.5,4_HighWarning,3
Viet Nam,2021,114th,63.29999999999999,3.9,6.9,5.2,3.9,3.8,5.3,8.4,4.3,7.8,5.0,4.5,4.3,3704.1935590038,74.145,74.20999985,13.3,4_HighWarning,3
Suriname,2021,115th,61.50000000000001,4.0,5.8,6.4,7.8,5.3,5.6,3.8,5.2,4.2,5.3,3.1,5.0,5029.84838543953,68.943,70.67685089,16.2,4_HighWarning,3
Kazakhstan,2021,116th,61.20000000000001,4.0,7.6,8.0,5.5,3.2,4.2,8.2,4.6,6.7,4.1,2.1,3.0,9983.60103576902,70.131,90.9239507,7.9,4_HighWarning,3
Jamaica,2021,116th,61.2,6.6,3.7,2.2,6.9,4.7,9.0,3.6,7.2,5.2,4.6,2.8,4.7,5625.67806271236,69.085,82.36071561,17.1,4_HighWarning,3
Cuba,2021,118th,59.5,4.0,7.0,2.8,4.8,4.2,5.5,7.4,4.3,6.5,5.0,3.0,5.0,5561.19166950397,73.201,67.64354869,5.9,5_Warning,4
Albania,2021,119th,59.00000000000001,4.8,6.2,4.1,6.4,2.9,8.3,5.5,4.4,3.6,4.1,2.6,6.1,7242.45513146613,76.844,79.32371752,8.3,5_Warning,4
Montenegro,2021,120th,58.49999999999999,4.6,6.5,9.1,6.0,2.0,4.7,3.6,4.4,3.4,3.9,3.4,6.9,9317.15520065156,73.8243902439024,82.21969752,2.3,5_Warning,4
Cyprus,2021,121st,57.39999999999999,3.5,7.9,5.1,5.6,4.9,3.5,4.0,3.3,2.7,3.4,5.3,8.2,32937.83984375,80.573,90.75951564,3.0,5_Warning,4
Botswana,2021,122nd,56.99999999999999,3.4,3.3,3.9,6.6,6.8,4.9,2.4,7.1,4.8,7.6,3.3,2.9,7807.88794570471,63.303,54.70069885,35.4,5_Warning,4
Malaysia,2021,123rd,56.89999999999999,5.4,6.8,5.4,3.3,4.1,4.5,6.3,4.3,6.8,4.4,3.0,2.6,10903.1037480772,73.917,96.7514278,6.8,5_Warning,4
Seychelles,2021,124th,56.300000000000004,5.4,6.0,4.1,5.1,6.1,5.3,4.3,2.8,4.2,4.2,2.1,6.7,14982.9111487767,73.3975609756097,81.99530029,13.5,5_Warning,4
Brunei Darussalam,2021,124th,56.3,4.2,7.4,6.5,3.3,7.3,3.8,7.1,2.6,6.9,2.8,1.1,3.3,31006.9636289785,74.869,97.62879944,8.8,5_Warning,4
Grenada,2021,126th,56.099999999999994,4.8,5.6,3.6,6.3,4.9,7.5,4.3,4.4,2.1,3.9,2.2,6.5,9617.28902905373,74.522,67.02279663,17.0,5_Warning,4
Antigua and Barbuda,2021,127th,54.9,5.4,3.7,3.6,6.9,4.5,6.0,4.2,4.4,3.9,4.3,2.5,5.5,17348.6006987182,77.197,71.64530182,7.6,5_Warning,4
Greece,2021,128th,54.49999999999999,3.9,4.1,4.2,6.0,2.9,3.9,5.5,4.0,3.3,3.9,5.9,6.9,20654.7001960815,80.0829268292683,78.49426371,3.4,5_Warning,4
Kuwait,2021,129th,52.900000000000006,3.0,7.5,4.1,3.0,4.2,3.0,7.0,3.3,7.2,4.6,2.4,3.6,34018.6342592913,78.7365853658537,99.7,7.5,5_Warning,4
Trinidad and Tobago,2021,129th,52.9,6.9,5.6,3.0,4.4,4.5,7.2,3.3,4.5,3.7,3.9,2.5,3.4,17712.5674104655,71.111,84.36576986,18.4,5_Warning,4
"Bahamas, The",2021,131st,52.400000000000006,4.9,4.5,2.9,5.1,4.5,4.4,2.4,5.7,4.6,7.1,2.6,3.7,30367.8605757708,70.752,92.34980011,11.7,5_Warning,4
Mongolia,2021,132nd,52.300000000000004,2.9,5.5,2.6,5.1,5.2,4.2,3.8,5.2,4.0,4.7,2.5,6.6,4517.61578018785,71.6451219512195,81.60682285,11.8,5_Warning,4
Bulgaria,2021,133rd,51.6,4.3,5.3,4.2,5.2,3.8,5.0,3.7,4.0,2.9,5.2,3.7,4.3,12966.1457543396,71.2121951219512,75.27144583,5.2,5_Warning,4
Hungary,2021,134th,51.09999999999999,2.4,5.3,3.6,5.0,2.9,4.0,6.4,3.4,5.3,3.3,5.6,3.9,19030.628130329,74.0658536585366,88.64083466,3.3,5_Warning,4
Romania,2021,135th,51.0,2.1,5.7,6.0,4.5,3.8,5.4,5.0,4.8,3.6,4.3,2.1,3.7,14907.9803652143,72.809756097561,83.5904265,5.3,5_Warning,4
Oman,2021,136th,50.4,3.0,6.6,2.3,5.0,4.1,1.9,6.9,3.7,7.0,4.5,1.9,3.5,19403.4600160211,75.969,95.23880005,8.6,5_Warning,4
Argentina,2021,137th,50.09999999999999,4.9,2.8,3.8,7.1,4.9,3.0,4.0,4.8,3.3,5.3,1.9,4.3,10738.0179223384,73.948,87.15070683,8.5,5_Warning,4
Croatia,2021,138th,49.800000000000004,2.6,4.4,4.9,5.7,2.8,5.7,2.3,3.1,2.6,4.6,6.6,4.5,17788.7865816658,76.4243902439025,81.25396608,3.9,6_Stable,5
Panama,2021,139th,48.699999999999996,5.2,2.2,5.6,3.7,6.2,4.0,3.1,5.4,3.8,5.3,2.2,2.0,15509.8069124139,77.004,66.04270172,12.0,6_Stable,5
Barbados,2021,140th,46.99999999999999,4.4,4.2,2.9,6.3,4.6,5.3,1.4,3.8,3.1,4.3,1.3,5.4,21079.6145271791,76.58,69.4756012,9.9,6_Stable,5
Italy,2021,141st,45.2,5.1,4.9,4.3,5.7,2.3,2.4,2.8,3.7,0.9,5.2,4.5,3.4,36852.5425414951,82.6463414634146,74.8623274,2.5,6_Stable,5
Spain,2021,142nd,44.800000000000004,3.4,6.9,6.7,5.3,2.9,1.2,6.9,2.9,1.2,3.5,2.2,1.7,30799.4775937775,83.1780487804878,93.89752157,2.6,6_Stable,5
United States,2021,143rd,44.6,4.3,7.3,6.5,2.1,3.7,1.8,3.5,2.7,4.4,5.0,2.3,1.0,70205.050916026,76.3292682926829,91.2684021,5.5,6_Stable,5
Chile,2021,144th,44.099999999999994,3.8,2.2,3.2,4.2,5.1,3.4,5.2,4.5,3.6,5.9,1.9,1.1,16206.8325493421,78.876,90.23280334,5.8,6_Stable,5
Qatar,2021,144th,44.099999999999994,1.4,5.0,3.4,1.6,4.7,1.5,6.4,2.9,6.1,3.4,1.4,6.3,71751.9363398856,81.083,99.65280151,5.1,6_Stable,5
Latvia,2021,146th,44.0,2.6,4.3,8.3,3.7,3.5,5.5,2.2,3.9,2.4,3.0,1.9,2.7,20261.8887788916,72.9804878048781,91.17964988,2.9,6_Stable,5
Poland,2021,147th,43.099999999999994,2.4,4.2,5.6,3.8,2.4,4.6,4.3,3.0,4.0,3.6,2.4,2.8,18635.5104895754,75.3512195121951,85.37490906,3.7,6_Stable,5
Israel,2021,148th,43.0,2.4,7.9,6.7,1.2,3.6,2.4,3.3,1.8,2.9,4.8,1.2,4.8,52270.9040241956,82.5,90.29689758,2.8,6_Stable,5
Costa Rica,2021,149th,42.49999999999999,3.5,3.8,3.0,5.2,4.7,3.5,1.3,4.7,1.1,3.5,3.9,4.3,12838.1185358931,78.05,82.74901607,8.3,6_Stable,5
United Kingdom,2021,150th,41.50000000000001,3.5,5.8,6.1,5.2,3.5,2.5,3.2,2.6,2.1,3.6,1.7,1.7,47691.3768799404,80.6473170731707,96.19650269,3.9,6_Stable,5
United Arab Emirates,2021,151st,40.29999999999999,2.5,3.6,2.8,2.4,3.3,2.2,6.4,2.9,7.0,3.6,1.8,1.8,44118.5047192771,79.083,100.0,4.4,6_Stable,5
Estonia,2021,152nd,39.50000000000001,2.3,5.9,7.4,3.2,2.6,4.3,1.5,2.5,1.3,2.9,1.9,3.7,27951.1659277744,76.9439024390244,90.97970174,1.8,7_MoreStable,6
Czechia,2021,153rd,39.300000000000004,2.6,5.3,4.6,4.2,2.0,3.5,4.1,2.7,2.0,3.0,3.2,2.1,27696.4619527544,77.2219512195122,82.67062427,2.3,7_MoreStable,6
Slovak Republic,2021,154th,39.00000000000001,1.2,4.7,5.7,4.3,2.6,4.1,3.8,3.2,2.3,2.4,2.6,2.1,22123.3342114545,74.6146341463415,88.92560523,5.0,7_MoreStable,6
Lithuania,2021,155th,38.699999999999996,2.8,3.0,3.3,3.7,4.1,5.2,1.5,3.7,2.2,3.4,1.8,4.0,23870.4594851722,74.0365853658537,86.93054425,3.0,7_MoreStable,6
Mauritius,2021,156th,38.10000000000001,1.2,3.2,4.4,5.4,2.7,4.2,2.1,3.2,3.6,2.9,1.7,3.5,9177.71195973013,73.680243902439,71.59999847,14.1,7_MoreStable,6
Malta,2021,157th,36.2,2.4,2.0,2.7,4.0,2.0,3.7,3.1,2.4,3.3,3.7,3.8,3.1,38096.8360735119,82.2585365853659,87.46977742,5.1,7_MoreStable,6
Uruguay,2021,158th,35.900000000000006,4.2,2.7,2.4,4.4,3.3,3.6,0.5,3.8,3.0,3.4,1.9,2.7,17881.818721099,75.434,87.64440155,6.1,7_MoreStable,6
"Korea, Rep.",2021,159th,32.50000000000001,2.1,3.9,2.3,1.9,2.2,3.5,3.0,2.2,3.1,2.3,1.6,4.4,37518.4635305697,83.5268292682927,97.57132698,2.5,7_MoreStable,6
France,2021,159th,32.5,3.5,1.9,6.4,4.2,3.0,2.1,0.9,1.8,1.2,3.9,2.7,0.9,43725.0999521245,82.3243902439024,86.09548575,3.4,7_MoreStable,6
Japan,2021,161st,32.2,1.8,2.6,2.5,3.7,1.9,2.9,0.5,1.8,3.0,5.7,3.2,2.6,40094.5599795288,84.4456097560976,82.91407928,1.8,7_MoreStable,6
Belgium,2021,162nd,31.000000000000004,2.6,4.4,4.1,4.6,2.1,2.5,0.8,2.5,0.6,4.0,2.3,0.5,51658.238294958,81.790243902439,92.78867618,3.2,7_MoreStable,6
Slovenia,2021,163rd,28.2,0.5,2.0,3.6,3.4,2.4,3.6,1.9,2.4,1.1,3.4,2.8,1.1,29192.8401933019,80.6756097560976,89.00399524,1.9,8_Sustainable,7
Portugal,2021,164th,26.8,0.5,2.5,1.3,4.8,2.0,2.8,0.8,2.9,1.1,3.3,1.8,3.0,24711.4510062111,81.3780487804878,82.30902804,2.7,8_Sustainable,7
Singapore,2021,165th,26.6,0.7,4.0,2.2,1.6,3.0,1.9,3.7,1.5,4.5,2.1,0.7,0.7,80056.1288247844,83.0926829268293,96.92468156,2.0,8_Sustainable,7
Austria,2021,166th,26.1,1.6,3.2,3.9,1.8,2.3,1.6,0.6,2.3,0.5,3.4,4.4,0.5,53648.6437976214,81.190243902439,92.52915104,2.8,8_Sustainable,7
Germany,2021,167th,24.8,2.3,2.3,4.0,1.8,2.5,2.0,0.5,2.0,0.8,2.1,4.0,0.5,52349.2459994422,80.790243902439,91.43060973,3.1,8_Sustainable,7
Netherlands,2021,168th,24.1,2.2,3.4,3.6,2.2,1.6,2.4,0.5,1.3,0.7,3.1,2.6,0.5,60141.9880911492,81.309756097561,92.05298013,3.5,8_Sustainable,7
Ireland,2021,169th,22.200000000000003,2.7,1.5,0.5,2.7,1.6,2.8,0.5,2.5,1.6,2.8,1.4,1.6,103783.446284479,82.2536585365854,93.50610352,3.2,8_Sustainable,7
Australia,2021,170th,21.799999999999997,2.7,1.7,3.1,1.6,1.8,0.5,0.5,2.8,1.7,2.9,2.0,0.5,60758.9044397144,83.3,96.97219849,3.2,8_Sustainable,7
Canada,2021,171st,21.7,2.8,2.5,2.2,2.0,2.3,1.1,0.5,2.3,1.3,2.0,2.2,0.5,52886.6616372703,81.4514634146342,93.93710327,4.6,8_Sustainable,7
Sweden,2021,172nd,21.4,2.7,1.8,1.7,1.9,1.7,0.7,0.5,1.4,0.9,3.3,4.3,0.5,60647.5416365347,83.0560975609756,94.6703163,2.1,8_Sustainable,7
Luxembourg,2021,173rd,21.099999999999998,0.7,3.4,2.1,2.6,1.4,1.6,0.5,1.9,1.1,2.8,2.5,0.5,134965.815442152,82.5975609756098,98.66086333,2.0,8_Sustainable,7
Switzerland,2021,174th,19.900000000000002,1.6,1.0,2.7,2.0,1.8,1.1,0.5,1.6,0.8,3.2,3.1,0.5,93664.7736696111,83.7512195121951,95.56937154,3.5,9_VerySustainable,8
Denmark,2021,175th,18.8,1.7,1.4,3.7,1.7,1.2,1.3,0.5,1.4,0.9,2.3,2.2,0.5,69340.7334922138,81.4048780487805,98.8658506,3.3,9_VerySustainable,8
New Zealand,2021,176th,18.400000000000002,1.4,1.4,2.6,3.4,2.1,1.6,0.5,1.4,0.5,1.4,1.6,0.5,49950.4251691316,82.2073170731707,91.99060059,4.3,9_VerySustainable,8
Iceland,2021,177th,18.0,0.7,1.8,0.5,3.4,1.3,1.9,0.5,1.2,0.5,1.5,1.5,3.2,70425.4064277273,83.1658536585366,99.68701957,2.1,9_VerySustainable,8
Norway,2021,178th,16.6,1.8,1.1,3.3,1.9,1.0,0.8,0.5,1.6,0.5,1.4,2.2,0.5,93072.8925119571,83.1634146341463,99.0000036,1.9,9_VerySustainable,8
Finland,2021,179th,16.2,2.5,1.4,0.6,2.9,1.0,1.5,0.5,1.6,0.5,1.7,1.5,0.5,53099.1351400148,81.8853658536585,92.80806082,1.9,9_VerySustainable,8
